date,open,high,low,close,volume,ticker
2024-09-02,6927.75,6945.0,6762.05,6779.6,265745.0,Quantrex
2024-09-03,6806.0,6833.95,6735.0,6768.8,347960.0,Quantrex
2024-09-04,6768.8,6814.65,6711.0,6758.8,210812.0,Quantrex
2024-09-05,6790.0,6800.05,6678.05,6686.2,217393.0,Quantrex
2024-09-06,6642.0,6700.0,6601.0,6614.35,276535.0,Quantrex
2024-09-09,6610.0,6648.95,6502.75,6558.25,288303.0,Quantrex
2024-09-10,6600.0,6645.0,6536.9,6582.9,230709.0,Quantrex
2024-09-11,6597.75,6704.65,6563.8,6592.7,249105.0,Quantrex
2024-09-12,6647.75,6663.95,6581.75,6654.4,154448.0,Quantrex
2024-09-13,6680.0,6750.0,6666.05,6710.25,172907.0,Quantrex
2024-09-16,6730.0,6775.0,6708.0,6712.8,72127.0,Quantrex
2024-09-17,6725.0,6775.0,6692.25,6763.9,99089.0,Quantrex
2024-09-18,6800.0,6801.85,6706.0,6740.3,117755.0,Quantrex
2024-09-19,6775.0,6843.75,6505.0,6725.65,362166.0,Quantrex
2024-09-20,6751.85,6861.7,6712.35,6832.75,582735.0,Quantrex
2024-09-23,6872.0,6959.95,6841.0,6938.4,215540.0,Quantrex
2024-09-24,6938.4,7124.5,6930.0,7095.7,388948.0,Quantrex
2024-09-25,7107.0,7222.95,7075.0,7177.0,525815.0,Quantrex
2024-09-26,7210.0,7237.85,6990.1,7077.25,273622.0,Quantrex
2024-09-27,7077.25,7324.0,7035.0,7295.2,539298.0,Quantrex
2024-09-30,7294.5,7319.9,7179.1,7250.0,331600.0,Quantrex
2024-10-01,7274.8,7550.0,7254.05,7511.7,516730.0,Quantrex
2024-10-03,7451.7,7518.0,7305.0,7346.4,242295.0,Quantrex
2024-10-04,7345.0,7368.55,7182.0,7246.85,277939.0,Quantrex
2024-10-07,7305.85,7337.95,6976.1,6998.15,259012.0,Quantrex
2024-10-08,7010.0,7399.95,6955.25,7372.15,333417.0,Quantrex
2024-10-09,7375.0,7743.1,7364.9,7677.2,528414.0,Quantrex
2024-10-10,7700.0,7739.85,7591.15,7686.75,218831.0,Quantrex
2024-10-11,7690.0,7779.95,7558.0,7749.9,220752.0,Quantrex
2024-10-14,7780.0,7785.0,7674.0,7725.4,161506.0,Quantrex
2024-10-15,7805.5,7880.1,7703.75,7870.05,350978.0,Quantrex
2024-10-16,7870.05,8129.9,7856.05,7986.3,972512.0,Quantrex
2024-10-17,7986.3,8000.0,7650.3,7717.65,388931.0,Quantrex
2024-10-18,7720.1,7854.6,7565.0,7803.0,274616.0,Quantrex
2024-10-21,7840.0,7873.45,7454.05,7481.6,226557.0,Quantrex
2024-10-22,7481.6,7481.6,7210.85,7238.7,464524.0,Quantrex
2024-10-23,7238.0,7276.65,6850.95,6872.05,477011.0,Quantrex
2024-10-24,6899.0,6971.95,6716.0,6848.0,462766.0,Quantrex
2024-10-25,6880.0,6897.85,6656.15,6776.45,314825.0,Quantrex
2024-10-28,6796.45,6867.2,6695.0,6751.35,274782.0,Quantrex
2024-10-29,6790.0,6919.7,6670.0,6907.6,251361.0,Quantrex
2024-10-30,6917.0,7012.8,6821.0,6930.05,195677.0,Quantrex
2024-10-31,6910.0,7008.15,6910.0,6976.3,170622.0,Quantrex
2024-11-01,6976.35,7008.95,6876.35,6949.1,17739.0,Quantrex
2024-11-04,7006.9,7006.9,6783.2,6954.0,284902.0,Quantrex
2024-11-05,6950.05,6998.0,6820.25,6957.65,262955.0,Quantrex
2024-11-06,6999.0,7110.0,6938.65,7050.6,252101.0,Quantrex
2024-11-07,7120.0,7150.95,6956.05,7073.45,202431.0,Quantrex
2024-11-08,7088.0,7227.4,7009.5,7174.35,322837.0,Quantrex
2024-11-11,7165.05,7180.0,7034.0,7046.05,216883.0,Quantrex
2024-11-12,7059.95,7097.75,6777.0,6799.45,223437.0,Quantrex
2024-11-13,6799.55,6825.0,6645.05,6704.55,214678.0,Quantrex
2024-11-14,6704.0,6767.85,6586.25,6736.85,254611.0,Quantrex
2024-11-18,6825.0,6836.35,6612.1,6640.2,141436.0,Quantrex
2024-11-19,6683.0,6787.8,6629.55,6645.65,221623.0,Quantrex
2024-11-21,6645.5,6712.0,6551.45,6641.65,216473.0,Quantrex
2024-11-22,6664.45,6975.0,6649.0,6849.4,349289.0,Quantrex
2024-11-25,6982.0,7396.75,6971.4,7348.5,1468152.0,Quantrex
2024-11-26,7399.0,7410.15,7229.95,7242.5,269522.0,Quantrex
2024-11-27,7499.0,7622.95,7374.05,7436.8,1360472.0,Quantrex
2024-11-28,7484.9,7598.35,7397.3,7420.0,735189.0,Quantrex
2024-11-29,7441.0,7633.0,7425.05,7560.85,577972.0,Quantrex
2024-12-02,7575.0,7648.0,7485.05,7563.2,414244.0,Quantrex
2024-12-03,7620.0,7749.0,7591.55,7731.0,464526.0,Quantrex
2024-12-04,7780.0,7946.6,7722.6,7749.2,555884.0,Quantrex
2024-12-05,7800.0,7850.0,7725.0,7792.45,290094.0,Quantrex
2024-12-06,7800.0,7898.0,7752.1,7787.6,235738.0,Quantrex
2024-12-09,7787.6,7937.35,7737.0,7842.05,302682.0,Quantrex
2024-12-10,7860.0,7900.0,7786.2,7890.4,256135.0,Quantrex
2024-12-11,7890.4,7922.0,7840.0,7871.0,172453.0,Quantrex
2024-12-12,7877.95,7960.0,7830.0,7916.25,192747.0,Quantrex
2024-12-13,7915.0,7949.85,7791.95,7884.85,133010.0,Quantrex
2024-12-16,7905.25,8035.95,7884.6,7968.95,244346.0,Quantrex
2024-12-17,7950.5,7997.6,7775.0,7790.65,246593.0,Quantrex
2024-12-18,7824.95,7883.6,7630.0,7667.0,238006.0,Quantrex
2024-12-19,7550.0,7668.5,7490.05,7632.15,178762.0,Quantrex
2024-12-20,7705.0,7713.35,6821.8,6868.9,1664863.0,Quantrex
2024-12-23,6860.05,6909.8,6642.5,6820.75,890336.0,Quantrex
2024-12-24,6810.0,6819.75,6580.05,6654.9,803122.0,Quantrex
2024-12-26,6660.0,6740.0,6642.05,6705.55,287081.0,Quantrex
2024-12-27,6700.05,6765.0,6522.25,6546.0,268038.0,Quantrex
2024-12-30,6580.0,6696.0,6390.25,6433.6,1203625.0,Quantrex
2024-12-31,6467.85,6607.25,6429.05,6536.05,436081.0,Quantrex
2025-01-01,6550.0,6653.5,6502.85,6635.15,233030.0,Quantrex
2025-01-02,6699.0,6714.9,6565.0,6698.5,391741.0,Quantrex
2025-01-03,6720.0,6740.0,6596.35,6609.7,296315.0,Quantrex
2025-01-06,6628.8,6633.45,6425.5,6473.2,287222.0,Quantrex
2025-01-07,6492.6,6547.1,6425.05,6482.15,309990.0,Quantrex
2025-01-08,6474.05,6493.75,6234.6,6296.65,537373.0,Quantrex
2025-01-09,6297.3,6415.9,6207.55,6240.3,341480.0,Quantrex
2025-01-10,6229.9,6254.6,6067.0,6104.8,378323.0,Quantrex
2025-01-13,6079.05,6079.45,5780.0,5803.3,330178.0,Quantrex
2025-01-14,5816.0,5899.9,5768.85,5863.45,339149.0,Quantrex
2025-01-15,5895.0,5916.7,5797.0,5808.5,297367.0,Quantrex
2025-01-16,5873.45,6043.7,5866.05,6010.05,343454.0,Quantrex
2025-01-17,6010.0,6210.0,5943.05,6183.25,359311.0,Quantrex
2025-01-20,6190.0,6216.25,6113.0,6136.45,89443.0,Quantrex
2025-01-21,6141.0,6160.0,5912.65,5923.6,206995.0,Quantrex
2025-01-22,5959.9,5979.85,5780.0,5856.45,237139.0,Quantrex
2025-01-23,5879.95,6133.0,5878.85,6067.85,240349.0,Quantrex
2025-01-24,6050.0,6067.0,5834.2,5879.7,247172.0,Quantrex
2025-01-27,5860.0,5860.0,5680.0,5787.35,195980.0,Quantrex
2025-01-28,5932.95,5965.5,5600.0,5684.35,348907.0,Quantrex
2025-01-29,5690.0,5845.0,5658.0,5824.55,167518.0,Quantrex
2025-01-30,5841.0,5942.95,5792.75,5874.75,295210.0,Quantrex
2025-01-31,5920.0,6100.0,5873.5,6073.35,409813.0,Quantrex
2025-02-01,6128.0,6146.0,5650.0,5748.25,508897.0,Quantrex
2025-02-03,5752.0,5770.0,5182.35,5225.9,1731436.0,Quantrex
2025-02-04,5295.0,5435.0,5247.85,5420.55,1116985.0,Quantrex
2025-02-05,5461.45,5636.0,5437.35,5580.5,550628.0,Quantrex
2025-02-06,5640.0,5707.7,5582.0,5641.0,410310.0,Quantrex
2025-02-07,5688.0,5700.0,5448.0,5505.5,396057.0,Quantrex
2025-02-10,5505.05,5548.5,5333.05,5349.25,338237.0,Quantrex
2025-02-11,5360.05,5380.0,5145.75,5204.85,501463.0,Quantrex
2025-02-12,5200.0,5294.9,5007.0,5199.15,809497.0,Quantrex
2025-02-13,5100.0,5297.3,5019.05,5105.25,1080831.0,Quantrex
2025-02-14,5110.0,5157.7,4946.65,4990.85,329443.0,Quantrex
2025-02-17,4946.95,4981.75,4789.15,4859.3,797168.0,Quantrex
2025-02-18,4908.75,4938.35,4752.65,4843.65,514204.0,Quantrex
2025-02-19,4810.0,4988.0,4772.7,4954.9,663780.0,Quantrex
2025-02-20,4948.0,5037.85,4893.1,5025.9,439939.0,Quantrex
2025-02-21,5010.0,5059.45,4856.1,4921.35,457327.0,Quantrex
2025-02-24,4896.9,4897.0,4771.55,4872.9,561835.0,Quantrex
2025-02-25,4886.0,4932.6,4812.5,4837.75,288010.0,Quantrex
2025-02-27,4840.85,4867.75,4658.65,4686.65,376628.0,Quantrex
2025-02-28,4650.0,4710.0,4581.0,4623.5,539772.0,Quantrex
2025-03-03,4629.95,4861.0,4566.0,4836.7,475900.0,Quantrex
2025-03-04,4739.55,4969.2,4739.55,4931.9,582431.0,Quantrex
2025-03-05,4931.9,5131.95,4931.9,5085.75,732603.0,Quantrex
2025-03-06,5145.0,5268.25,5085.8,5160.3,848811.0,Quantrex
2025-03-07,5161.0,5173.75,5045.6,5106.1,587581.0,Quantrex
2025-03-10,5106.1,5142.3,4950.0,4974.55,332612.0,Quantrex
2025-03-11,4900.0,4984.45,4852.0,4942.05,522140.0,Quantrex
2025-03-12,4989.4,5009.1,4810.55,4905.75,244678.0,Quantrex
2025-03-13,4949.0,5087.3,4891.6,4927.9,408699.0,Quantrex
2025-03-17,4975.0,4994.5,4888.55,4936.45,255414.0,Quantrex
2025-03-18,4968.7,5116.2,4949.2,5107.6,259115.0,Quantrex
2025-03-19,5128.0,5252.25,5092.95,5224.5,502007.0,Quantrex
2025-03-20,5260.0,5268.8,5111.0,5194.1,321720.0,Quantrex
2025-03-21,5200.9,5310.0,5174.9,5200.65,737413.0,Quantrex
2025-03-24,5265.0,5344.65,5205.0,5223.2,352590.0,Quantrex
2025-03-25,5250.0,5284.7,5108.0,5119.1,234410.0,Quantrex
2025-03-26,5300.0,5520.0,5201.0,5418.25,2780253.0,Quantrex
2025-03-27,5420.0,5440.0,5300.0,5314.15,633130.0,Quantrex
2025-03-28,5342.0,5347.0,5182.2,5275.35,705476.0,Quantrex
2025-04-01,5240.0,5355.0,5200.0,5229.95,329971.0,Quantrex
2025-04-02,5230.0,5301.0,5142.0,5282.85,372359.0,Quantrex
2025-04-03,5201.0,5324.0,5201.0,5248.55,397529.0,Quantrex
2025-04-04,5287.45,5287.45,4851.05,4928.15,1097495.0,Quantrex
2025-04-07,2450.0,3087.0,2450.0,2812.45,2716014.0,Quantrex
2025-04-08,2938.35,3031.0,2750.0,2763.45,2603929.0,Quantrex
2025-04-09,2789.0,2791.95,2667.8,2715.85,866126.0,Quantrex
2024-09-02,3565.15,3601.95,3552.0,3587.55,718800.0,Fintrix
2024-09-03,3587.55,3634.9,3560.15,3621.15,1112614.0,Fintrix
2024-09-04,3586.1,3617.5,3568.2,3607.7,529856.0,Fintrix
2024-09-05,3616.6,3753.95,3600.4,3722.85,3437885.0,Fintrix
2024-09-06,3714.95,3742.0,3665.0,3695.5,1408795.0,Fintrix
2024-09-09,3690.1,3724.45,3653.75,3684.55,923357.0,Fintrix
2024-09-10,3704.0,3750.0,3666.0,3727.4,1109078.0,Fintrix
2024-09-11,3731.9,3743.5,3700.1,3711.1,831810.0,Fintrix
2024-09-12,3736.0,3774.0,3711.1,3764.25,1337327.0,Fintrix
2024-09-13,3777.0,3799.85,3740.0,3767.0,1003355.0,Fintrix
2024-09-16,3768.0,3789.0,3735.4,3740.65,386602.0,Fintrix
2024-09-17,3759.9,3777.0,3727.3,3767.4,392339.0,Fintrix
2024-09-18,3769.0,3786.0,3708.0,3725.35,420638.0,Fintrix
2024-09-19,3750.0,3795.0,3741.1,3780.95,945257.0,Fintrix
2024-09-20,3793.0,3819.0,3740.0,3797.2,1951755.0,Fintrix
2024-09-23,3797.2,3829.0,3781.0,3820.1,530107.0,Fintrix
2024-09-24,3818.0,3839.9,3781.55,3784.9,1281513.0,Fintrix
2024-09-25,3800.0,3803.55,3710.05,3737.25,942343.0,Fintrix
2024-09-26,3738.0,3777.15,3701.4,3757.55,1863893.0,Fintrix
2024-09-27,3774.0,3867.0,3751.2,3816.7,2164755.0,Fintrix
2024-09-30,3786.0,3863.55,3786.0,3823.95,1068609.0,Fintrix
2024-10-01,3823.95,3837.95,3757.0,3775.95,774221.0,Fintrix
2024-10-03,3689.1,3782.0,3650.05,3674.95,1597560.0,Fintrix
2024-10-04,3625.0,3753.8,3625.0,3670.1,1542987.0,Fintrix
2024-10-07,3739.95,3748.0,3552.3,3589.25,2523321.0,Fintrix
2024-10-08,3589.25,3595.0,3480.0,3493.35,1360120.0,Fintrix
2024-10-09,3518.0,3558.8,3486.6,3493.45,1063802.0,Fintrix
2024-10-10,3510.0,3531.55,3415.1,3447.25,1488328.0,Fintrix
2024-10-11,3464.0,3491.0,3444.3,3474.4,858463.0,Fintrix
2024-10-14,3474.4,3525.0,3452.55,3497.8,593206.0,Fintrix
2024-10-15,3523.95,3529.45,3477.0,3508.5,578719.0,Fintrix
2024-10-16,3508.0,3510.0,3440.0,3471.0,591644.0,Fintrix
2024-10-17,3487.0,3487.0,3380.1,3403.35,560796.0,Fintrix
2024-10-18,3395.0,3422.35,3296.1,3381.45,1249585.0,Fintrix
2024-10-21,3417.95,3419.85,3335.5,3363.25,714746.0,Fintrix
2024-10-22,3374.9,3421.5,3319.25,3329.8,882086.0,Fintrix
2024-10-23,3330.0,3335.0,3282.5,3288.6,877837.0,Fintrix
2024-10-24,3301.05,3342.9,3279.2,3330.9,764369.0,Fintrix
2024-10-25,3332.0,3342.35,3232.35,3266.55,805013.0,Fintrix
2024-10-28,3270.0,3315.0,3254.05,3283.05,736462.0,Fintrix
2024-10-29,3285.8,3298.0,3227.0,3283.4,702769.0,Fintrix
2024-10-30,3261.0,3321.8,3235.1,3308.45,895278.0,Fintrix
2024-10-31,3291.0,3299.9,3253.6,3267.05,1170306.0,Fintrix
2024-11-01,3304.0,3317.6,3282.35,3293.7,176636.0,Fintrix
2024-11-04,3318.0,3318.0,3190.1,3222.0,1122152.0,Fintrix
2024-11-05,3206.0,3258.9,3185.0,3230.25,872402.0,Fintrix
2024-11-06,3145.0,3208.95,3114.0,3177.05,4522923.0,Fintrix
2024-11-07,3180.0,3186.05,3108.1,3120.85,1608603.0,Fintrix
2024-11-08,3121.0,3192.9,3106.0,3186.25,1719882.0,Fintrix
2024-11-11,3191.6,3230.05,3158.25,3206.6,1054929.0,Fintrix
2024-11-12,3201.65,3239.0,3185.0,3198.45,992983.0,Fintrix
2024-11-13,3175.0,3221.6,3162.2,3187.85,911537.0,Fintrix
2024-11-14,3145.05,3195.15,3136.0,3183.7,1161637.0,Fintrix
2024-11-18,3183.7,3207.2,3157.5,3172.3,943251.0,Fintrix
2024-11-19,3192.0,3283.0,3172.3,3224.7,1174506.0,Fintrix
2024-11-21,3225.0,3233.95,3148.35,3178.45,1582159.0,Fintrix
2024-11-22,3174.85,3317.0,3152.15,3308.7,2207527.0,Fintrix
2024-11-25,3360.0,3369.85,3298.05,3309.1,1892510.0,Fintrix
2024-11-26,3310.0,3343.75,3295.7,3327.5,721345.0,Fintrix
2024-11-27,3325.0,3329.9,3280.15,3291.65,732835.0,Fintrix
2024-11-28,3292.0,3305.0,3200.35,3212.35,1701387.0,Fintrix
2024-11-29,3212.35,3260.0,3212.35,3249.0,1139585.0,Fintrix
2024-12-02,3249.0,3309.9,3222.05,3306.85,915980.0,Fintrix
2024-12-03,3290.0,3338.7,3276.6,3332.75,1162310.0,Fintrix
2024-12-04,3342.0,3383.0,3338.0,3364.45,1630076.0,Fintrix
2024-12-05,3374.95,3465.4,3353.6,3441.05,2383630.0,Fintrix
2024-12-06,3453.95,3499.65,3430.0,3470.1,1278516.0,Fintrix
2024-12-09,3467.5,3488.25,3446.9,3468.2,926422.0,Fintrix
2024-12-10,3470.0,3516.95,3436.05,3475.75,1063355.0,Fintrix
2024-12-11,3484.75,3490.75,3460.3,3473.1,554702.0,Fintrix
2024-12-12,3470.5,3473.1,3412.0,3445.75,926472.0,Fintrix
2024-12-13,3420.0,3518.0,3380.25,3508.85,1242351.0,Fintrix
2024-12-16,3505.0,3511.0,3429.0,3438.2,1295227.0,Fintrix
2024-12-17,3422.05,3449.4,3397.6,3406.1,1005604.0,Fintrix
2024-12-18,3401.2,3424.0,3390.0,3401.9,646145.0,Fintrix
2024-12-19,3349.6,3399.95,3332.0,3356.85,732634.0,Fintrix
2024-12-20,3350.0,3419.0,3333.15,3356.25,1235769.0,Fintrix
2024-12-23,3378.1,3406.3,3336.65,3396.95,691202.0,Fintrix
2024-12-24,3385.35,3419.0,3338.2,3353.4,485245.0,Fintrix
2024-12-26,3365.0,3371.85,3312.65,3323.05,637094.0,Fintrix
2024-12-27,3319.85,3345.0,3301.1,3309.2,568989.0,Fintrix
2024-12-30,3309.95,3317.95,3247.45,3257.35,941859.0,Fintrix
2024-12-31,3250.0,3275.65,3230.8,3253.15,616440.0,Fintrix
2025-01-01,3248.0,3269.9,3244.05,3253.85,357376.0,Fintrix
2025-01-02,3264.0,3400.95,3251.0,3388.95,1152493.0,Fintrix
2025-01-03,3395.0,3481.95,3377.95,3451.65,1630862.0,Fintrix
2025-01-06,3490.0,3528.5,3441.2,3470.4,2145936.0,Fintrix
2025-01-07,3490.0,3576.7,3485.0,3505.1,2389563.0,Fintrix
2025-01-08,3487.65,3514.5,3391.3,3484.05,1317377.0,Fintrix
2025-01-09,3485.95,3506.45,3461.55,3487.05,826237.0,Fintrix
2025-01-10,3462.0,3488.0,3428.75,3440.25,570060.0,Fintrix
2025-01-13,3380.0,3467.0,3352.5,3382.75,1282557.0,Fintrix
2025-01-14,3400.0,3429.0,3310.0,3322.5,1133561.0,Fintrix
2025-01-15,3322.0,3340.5,3283.0,3323.5,1169593.0,Fintrix
2025-01-16,3327.0,3338.85,3282.0,3316.9,1170734.0,Fintrix
2025-01-17,3319.9,3368.0,3285.05,3357.4,559153.0,Fintrix
2025-01-20,3374.1,3407.7,3347.5,3382.25,722342.0,Fintrix
2025-01-21,3400.95,3412.7,3335.15,3353.35,1016047.0,Fintrix
2025-01-22,3354.8,3385.0,3334.65,3356.45,598329.0,Fintrix
2025-01-23,3356.45,3433.0,3325.5,3398.55,713603.0,Fintrix
2025-01-24,3407.0,3447.65,3380.45,3402.15,564244.0,Fintrix
2025-01-27,3388.0,3401.95,3307.25,3319.35,618309.0,Fintrix
2025-01-28,3319.35,3370.85,3299.55,3325.9,579957.0,Fintrix
2025-01-29,3339.2,3375.0,3309.05,3370.75,570137.0,Fintrix
2025-01-30,3370.65,3390.0,3345.2,3368.4,688608.0,Fintrix
2025-01-31,3400.0,3527.45,3392.4,3490.25,1212261.0,Fintrix
2025-02-01,3527.0,3635.15,3408.0,3552.0,2186692.0,Fintrix
2025-02-03,3565.0,3642.55,3551.75,3580.3,1543897.0,Fintrix
2025-02-04,3590.0,3614.0,3520.0,3597.7,1279779.0,Fintrix
2025-02-05,3596.0,3652.0,3472.2,3490.9,2165947.0,Fintrix
2025-02-06,3490.9,3504.25,3397.85,3410.75,1059617.0,Fintrix
2025-02-07,3414.9,3453.9,3388.2,3424.8,740155.0,Fintrix
2025-02-10,3415.0,3425.0,3311.0,3327.45,904436.0,Fintrix
2025-02-11,3334.7,3348.0,3271.6,3281.8,903965.0,Fintrix
2025-02-12,3282.75,3317.4,3212.6,3255.45,774619.0,Fintrix
2025-02-13,3250.25,3277.95,3215.2,3231.5,727243.0,Fintrix
2025-02-14,3236.3,3253.0,3186.45,3213.25,587411.0,Fintrix
2025-02-17,3195.25,3238.5,3176.0,3233.2,712614.0,Fintrix
2025-02-18,3234.8,3244.0,3192.3,3221.85,592636.0,Fintrix
2025-02-19,3220.0,3253.65,3191.8,3210.3,521953.0,Fintrix
2025-02-20,3210.0,3218.65,3188.15,3191.45,653151.0,Fintrix
2025-02-21,3191.45,3205.95,3162.25,3179.9,407794.0,Fintrix
2025-02-24,3131.0,3187.95,3131.0,3173.0,431232.0,Fintrix
2025-02-25,3140.0,3211.5,3136.55,3198.8,642281.0,Fintrix
2025-02-27,3198.8,3228.0,3176.95,3223.1,604023.0,Fintrix
2025-02-28,3202.0,3217.95,3060.0,3077.25,1322618.0,Fintrix
2025-03-03,3090.0,3102.1,3057.75,3082.0,516171.0,Fintrix
2025-03-04,3050.0,3070.0,3017.0,3048.5,1186136.0,Fintrix
2025-03-05,3048.5,3107.45,3035.7,3086.55,579883.0,Fintrix
2025-03-06,3091.2,3131.65,3047.0,3121.1,1399483.0,Fintrix
2025-03-07,3121.1,3124.6,3074.65,3079.35,1020056.0,Fintrix
2025-03-10,3080.0,3083.0,3021.1,3026.8,855408.0,Fintrix
2025-03-11,3015.0,3055.9,3010.0,3046.4,576260.0,Fintrix
2025-03-12,3037.4,3053.8,2996.05,3018.95,489535.0,Fintrix
2025-03-13,3019.4,3049.5,3000.3,3010.15,785215.0,Fintrix
2025-03-17,2985.05,3036.4,2985.05,3017.35,632348.0,Fintrix
2025-03-18,3030.75,3088.0,3015.4,3081.7,865951.0,Fintrix
2025-03-19,3088.05,3095.0,3058.2,3076.3,730983.0,Fintrix
2025-03-20,3100.0,3205.0,3080.0,3193.1,1542807.0,Fintrix
2025-03-21,3186.95,3190.0,3154.95,3162.7,1181974.0,Fintrix
2025-03-24,3168.2,3175.95,3075.0,3079.1,1481216.0,Fintrix
2025-03-25,3085.0,3099.95,3046.0,3053.7,1174346.0,Fintrix
2025-03-26,3068.95,3077.75,3034.55,3057.5,1010449.0,Fintrix
2025-03-27,3047.55,3097.7,3047.55,3087.65,1635143.0,Fintrix
2025-03-28,3094.0,3111.8,3051.05,3063.35,778417.0,Fintrix
2025-04-01,3053.7,3075.7,2982.0,2986.95,1068622.0,Fintrix
2025-04-02,3011.0,3105.0,2971.15,3098.45,1674921.0,Fintrix
2025-04-03,3071.0,3151.0,3068.0,3127.55,1115568.0,Fintrix
2025-04-04,3099.0,3114.9,3050.0,3076.2,901801.0,Fintrix
2025-04-07,2925.0,3048.0,2925.0,3022.2,1378989.0,Fintrix
2025-04-08,3149.7,3227.25,3101.0,3122.3,2830156.0,Fintrix
2025-04-09,3137.85,3188.25,3090.7,3174.15,1215988.0,Fintrix
2024-09-02,7115.0,7115.0,7115.0,7115.0,1009200.0,Zentara
2024-09-02,7179.25,7267.75,7111.35,7148.2,625283.0,Zentara
2024-09-03,7179.0,7180.0,6995.0,7042.8,857908.0,Zentara
2024-09-04,6966.0,6966.0,6966.0,6966.0,121100.0,Zentara
2024-09-04,7043.0,7168.95,6950.05,7139.9,576206.0,Zentara
2024-09-05,7169.9,7209.0,7090.25,7167.65,667571.0,Zentara
2024-09-06,7184.9,7189.95,7060.0,7103.55,384793.0,Zentara
2024-09-09,7020.0,7020.0,7020.0,7020.0,1018500.0,Zentara
2024-09-09,7104.0,7155.7,7048.05,7136.65,349967.0,Zentara
2024-09-10,7080.0,7080.0,7080.0,7080.0,119900.0,Zentara
2024-09-10,7156.0,7200.0,7095.5,7137.95,376043.0,Zentara
2024-09-11,7160.95,7219.65,7107.7,7148.85,428437.0,Zentara
2024-09-12,7198.0,7309.0,7142.85,7210.5,572357.0,Zentara
2024-09-13,7248.5,7281.1,7200.05,7233.15,468707.0,Zentara
2024-09-16,7270.0,7384.95,7211.0,7318.8,502100.0,Zentara
2024-09-17,7330.0,7330.0,7330.0,7330.0,1095820.0,Zentara
2024-09-17,7415.0,7508.8,7325.0,7403.45,753643.0,Zentara
2024-09-18,7435.0,7453.0,7245.85,7336.0,388287.0,Zentara
2024-09-19,7456.0,7456.0,7183.55,7326.15,395523.0,Zentara
2024-09-20,7350.0,7508.0,7281.85,7465.15,798170.0,Zentara
2024-09-23,7520.95,7645.0,7464.15,7623.45,510496.0,Zentara
2024-09-24,7533.0,7533.0,7533.0,7533.0,1073330.0,Zentara
2024-09-24,7639.95,7682.0,7580.6,7621.35,613798.0,Zentara
2024-09-25,7618.25,7742.0,7569.55,7614.9,576171.0,Zentara
2024-09-26,7724.9,7939.9,7710.55,7845.4,1712253.0,Zentara
2024-09-27,7899.95,7937.95,7736.4,7833.7,11179751.0,Zentara
2024-09-30,7465.0,7465.0,7465.0,7465.0,1083570.0,Zentara
2024-09-30,7814.75,7833.95,7483.75,7574.65,1117618.0,Zentara
2024-10-01,7600.0,7647.45,7522.25,7612.7,559721.0,Zentara
2024-10-03,7569.5,7654.5,7451.0,7487.9,741293.0,Zentara
2024-10-04,7441.0,7455.95,7272.0,7353.3,938897.0,Zentara
2024-10-07,7307.2,7503.9,7284.0,7449.5,854385.0,Zentara
2024-10-08,7940.0,7940.0,7940.0,7940.0,1068120.0,Zentara
2024-10-08,7520.0,8073.4,7451.0,8041.95,2278240.0,Zentara
2024-10-09,8089.0,8322.2,8035.0,8220.85,1260784.0,Zentara
2024-10-10,8200.0,8270.95,8012.0,8028.85,606292.0,Zentara
2024-10-11,8069.0,8308.8,7950.0,8234.95,800644.0,Zentara
2024-10-14,8115.0,8115.0,8115.0,8115.0,1042690.0,Zentara
2024-10-14,8280.05,8345.0,8163.7,8191.85,417498.0,Zentara
2024-10-15,8224.0,8260.0,8090.0,8124.25,460534.0,Zentara
2024-10-16,8110.0,8133.1,7766.5,7805.8,900545.0,Zentara
2024-10-17,7780.3,7880.05,7620.2,7719.65,997450.0,Zentara
2024-10-18,7720.0,7800.0,7630.1,7768.05,571161.0,Zentara
2024-10-21,7820.0,7850.0,7552.5,7606.55,662166.0,Zentara
2024-10-22,7465.0,7465.0,7465.0,7465.0,1134840.0,Zentara
2024-10-22,7634.95,7666.5,7469.4,7497.35,610564.0,Zentara
2024-10-23,7468.0,7585.0,7450.0,7511.3,505590.0,Zentara
2024-10-24,7569.2,7640.4,7386.75,7488.0,448738.0,Zentara
2024-10-25,7450.0,7511.2,7064.05,7361.45,590268.0,Zentara
2024-10-28,7255.0,7255.0,7255.0,7255.0,1156170.0,Zentara
2024-10-28,7362.25,7429.0,7222.15,7307.85,419026.0,Zentara
2024-10-29,7313.3,7446.1,7164.45,7410.3,359440.0,Zentara
2024-10-30,7420.0,7428.8,7215.0,7252.45,481764.0,Zentara
2024-10-31,7259.0,7273.85,7071.0,7128.35,742508.0,Zentara
2024-11-01,7153.95,7214.9,7125.0,7149.0,76497.0,Zentara
2024-11-04,6985.0,6985.0,6985.0,6985.0,1200920.0,Zentara
2024-11-04,7109.0,7150.3,6950.0,7063.75,681708.0,Zentara
2024-11-05,7006.0,7078.5,6794.05,6968.35,1026360.0,Zentara
2024-11-06,7024.0,7236.0,6801.1,6955.45,1142746.0,Zentara
2024-11-07,6445.0,6445.0,6445.0,6445.0,1368010.0,Zentara
2024-11-07,6999.0,7015.25,6306.85,6505.5,4427899.0,Zentara
2024-11-08,6550.0,6563.15,6270.0,6298.95,2523322.0,Zentara
2024-11-11,6230.35,6620.0,6212.05,6480.7,2339199.0,Zentara
2024-11-12,6520.0,6717.9,6500.0,6528.55,1258152.0,Zentara
2024-11-13,6495.0,6495.0,6495.0,6495.0,1352380.0,Zentara
2024-11-13,6499.0,6619.7,6412.45,6498.25,758642.0,Zentara
2024-11-14,6496.0,6550.3,6367.05,6463.0,620489.0,Zentara
2024-11-18,6411.6,6453.0,6275.0,6301.65,828906.0,Zentara
2024-11-19,6475.0,6475.0,6475.0,6475.0,1302164.0,Zentara
2024-11-19,6359.85,6579.9,6359.8,6423.85,674042.0,Zentara
2024-11-21,6400.0,6519.0,6346.2,6460.45,1511541.0,Zentara
2024-11-22,6459.9,6678.0,6430.0,6652.8,833104.0,Zentara
2024-11-25,6799.0,6838.55,6690.05,6774.95,1490945.0,Zentara
2024-11-26,6775.0,6810.3,6646.15,6669.35,476650.0,Zentara
2024-11-27,6692.0,6909.0,6631.35,6845.1,784373.0,Zentara
2024-11-28,6850.0,6886.45,6716.05,6743.2,813013.0,Zentara
2024-11-29,6750.0,6820.0,6728.1,6795.4,720647.0,Zentara
2024-12-02,6777.05,6898.0,6753.6,6805.3,446537.0,Zentara
2024-12-03,6805.3,6864.55,6681.8,6841.35,842566.0,Zentara
2024-12-04,6890.0,6920.0,6731.2,6823.8,899250.0,Zentara
2024-12-05,6869.95,7074.95,6722.0,6970.1,1140361.0,Zentara
2024-12-06,7050.0,7140.0,6930.05,6999.95,1088961.0,Zentara
2024-12-09,6985.0,7025.0,6867.3,6949.7,825347.0,Zentara
2024-12-10,6950.0,6959.95,6810.0,6878.05,579733.0,Zentara
2024-12-11,6893.9,7100.0,6834.8,7063.3,1037764.0,Zentara
2024-12-12,7046.2,7106.8,6980.0,7012.5,776145.0,Zentara
2024-12-13,7000.0,7027.9,6870.0,7000.25,526964.0,Zentara
2024-12-16,7000.0,7035.0,6942.75,7000.35,497823.0,Zentara
2024-12-17,7000.0,7030.0,6891.0,6941.65,545205.0,Zentara
2024-12-18,6935.75,7177.0,6848.8,7113.75,1201264.0,Zentara
2024-12-19,6995.0,7184.4,6991.6,7092.0,660251.0,Zentara
2024-12-20,7125.0,7188.0,6789.4,6831.55,768861.0,Zentara
2024-12-23,6870.0,7070.0,6860.05,6946.0,783189.0,Zentara
2024-12-24,6976.0,7079.0,6902.0,7007.15,486797.0,Zentara
2024-12-26,7047.95,7075.0,6948.05,7063.7,440974.0,Zentara
2024-12-27,7101.0,7234.0,7075.0,7118.3,530288.0,Zentara
2024-12-30,7139.3,7145.05,6915.25,6954.35,960856.0,Zentara
2024-12-31,6954.0,7146.0,6817.8,7123.35,915919.0,Zentara
2025-01-01,7121.0,7179.8,7050.0,7068.05,412650.0,Zentara
2025-01-02,7100.0,7336.0,7055.95,7321.0,706114.0,Zentara
2025-01-03,7350.0,7493.05,7280.1,7307.7,940233.0,Zentara
2025-01-06,7307.7,7338.6,6935.25,6998.35,942724.0,Zentara
2025-01-07,7010.2,7085.0,6838.35,6874.3,601356.0,Zentara
2025-01-08,6869.55,6873.5,6590.35,6699.1,1257939.0,Zentara
2025-01-09,6719.0,6719.0,6572.2,6621.7,592991.0,Zentara
2025-01-10,6601.0,6626.0,6480.0,6584.1,768200.0,Zentara
2025-01-13,6462.65,6523.85,6155.0,6224.4,1068954.0,Zentara
2025-01-14,6237.4,6317.0,6138.0,6161.15,1130732.0,Zentara
2025-01-15,6200.0,6519.0,6164.7,6390.25,1463322.0,Zentara
2025-01-16,6498.0,6498.0,6150.5,6211.55,1477566.0,Zentara
2025-01-17,6216.95,6310.0,6080.0,6216.55,770051.0,Zentara
2025-01-20,6210.0,6225.0,6074.05,6090.0,909757.0,Zentara
2025-01-21,6090.6,6109.0,5723.3,5736.95,1553225.0,Zentara
2025-01-22,5736.0,5748.0,5568.0,5626.35,1377528.0,Zentara
2025-01-23,5620.0,5792.45,5605.05,5733.6,2106761.0,Zentara
2025-01-24,5720.0,5755.05,5466.45,5490.45,1119070.0,Zentara
2025-01-27,5477.0,5545.45,5350.0,5412.6,1186126.0,Zentara
2025-01-28,5484.0,5538.9,5317.2,5455.1,1136463.0,Zentara
2025-01-29,5495.0,5651.9,5415.7,5597.15,701998.0,Zentara
2025-01-30,5600.0,5634.0,5456.8,5511.2,575077.0,Zentara
2025-01-31,5569.0,5817.65,5527.75,5753.2,1029356.0,Zentara
2025-02-01,5780.0,6270.4,5677.05,6189.5,2120509.0,Zentara
2025-02-03,6210.0,6232.5,6035.95,6135.1,1498258.0,Zentara
2025-02-04,6169.95,6190.0,5653.45,5750.3,2602288.0,Zentara
2025-02-05,5765.7,5906.2,5725.4,5749.95,1428644.0,Zentara
2025-02-06,5845.0,5845.0,5245.0,5277.1,6021478.0,Zentara
2025-02-07,5321.4,5517.75,5255.0,5454.4,2846965.0,Zentara
2025-02-10,5460.0,5490.0,5170.0,5196.75,1529876.0,Zentara
2025-02-11,5211.55,5250.0,5135.0,5228.35,1596380.0,Zentara
2025-02-12,5228.35,5290.0,5113.3,5237.3,1313946.0,Zentara
2025-02-13,5246.65,5378.0,5204.3,5256.8,986050.0,Zentara
2025-02-14,5268.0,5325.0,5033.2,5117.35,888168.0,Zentara
2025-02-17,5110.0,5159.3,4998.15,5096.45,1078162.0,Zentara
2025-02-18,5100.0,5119.45,4928.25,4997.75,721122.0,Zentara
2025-02-19,4960.0,5103.3,4940.0,4991.45,764148.0,Zentara
2025-02-20,4960.0,5137.3,4951.45,5099.5,812700.0,Zentara
2025-02-21,5088.0,5167.95,5023.0,5048.2,912164.0,Zentara
2025-02-24,4998.6,5080.0,4928.25,5066.0,823625.0,Zentara
2025-02-25,5090.0,5129.25,4936.3,4959.9,976304.0,Zentara
2025-02-27,4951.0,4959.0,4770.1,4805.3,997906.0,Zentara
2025-02-28,4760.0,4876.4,4715.0,4851.55,2178604.0,Zentara
2025-03-03,4900.05,5022.95,4775.0,4946.9,1415550.0,Zentara
2025-03-04,4898.9,5069.9,4865.7,4999.8,898723.0,Zentara
2025-03-05,4987.0,5320.0,4987.0,5106.1,2128488.0,Zentara
2025-03-06,5174.5,5174.5,4970.95,5069.5,1499675.0,Zentara
2025-03-07,5075.0,5099.95,4985.0,4999.85,690809.0,Zentara
2025-03-10,4990.0,4997.85,4787.75,4799.7,1217553.0,Zentara
2025-03-11,4739.7,5045.0,4722.95,4995.45,1437957.0,Zentara
2025-03-12,5010.6,5105.0,4960.0,5015.35,1026027.0,Zentara
2025-03-13,5030.0,5107.9,4970.1,5022.4,860279.0,Zentara
2025-03-17,5022.4,5179.9,5014.0,5159.55,856529.0,Zentara
2025-03-18,5185.3,5285.4,5171.45,5260.25,994888.0,Zentara
2025-03-19,5276.05,5299.9,5194.6,5230.85,957079.0,Zentara
2025-03-20,5247.0,5275.55,5158.8,5221.55,759448.0,Zentara
2025-03-21,5224.5,5293.45,5125.5,5150.05,1197537.0,Zentara
2025-03-24,5150.45,5168.15,5044.8,5054.7,908085.0,Zentara
2025-03-25,5121.45,5248.8,5066.0,5185.05,1461587.0,Zentara
2025-03-26,5205.0,5410.0,5118.5,5321.95,1625697.0,Zentara
2025-03-27,5359.0,5444.95,5335.8,5422.3,1670468.0,Zentara
2025-03-28,5422.95,5525.95,5290.0,5325.15,1535964.0,Zentara
2025-04-01,5350.85,5614.95,5334.2,5576.75,2260895.0,Zentara
2025-04-02,5630.55,5702.0,5515.8,5682.5,1491897.0,Zentara
2025-04-03,5630.0,5751.0,5610.0,5675.3,960710.0,Zentara
2025-04-04,5688.0,5688.0,5544.4,5562.85,680922.0,Zentara
2025-04-07,5006.6,5006.6,4488.0,4740.95,7644740.0,Zentara
2025-04-08,4903.0,4964.05,4684.2,4767.2,3035242.0,Zentara
2025-04-09,4767.0,4767.2,4605.0,4620.2,1598513.0,Zentara
2024-09-02,2500.0,2516.0,2497.05,2509.9,875591.0,LexionLEIND
2024-09-03,2502.0,2559.0,2502.0,2530.75,987527.0,LexionLEIND
2024-09-04,2525.05,2541.45,2513.7,2534.75,502943.0,LexionLEIND
2024-09-05,2534.75,2535.0,2492.15,2504.9,1119296.0,LexionLEIND
2024-09-06,2508.6,2519.25,2488.05,2503.2,836700.0,LexionLEIND
2024-09-09,2495.15,2520.0,2488.75,2516.75,583598.0,LexionLEIND
2024-09-10,2529.0,2547.9,2514.0,2535.5,1522039.0,LexionLEIND
2024-09-11,2547.0,2561.6,2519.45,2526.85,979938.0,LexionLEIND
2024-09-12,2529.9,2540.0,2488.0,2527.85,1554879.0,LexionLEIND
2024-09-13,2530.0,2561.0,2528.25,2531.4,732717.0,LexionLEIND
2024-09-16,2530.0,2555.6,2500.0,2549.6,394397.0,LexionLEIND
2024-09-17,2551.15,2585.3,2538.7,2546.85,695187.0,LexionLEIND
2024-09-18,2549.95,2601.1,2546.0,2597.15,1177029.0,LexionLEIND
2024-09-19,2603.0,2677.0,2597.15,2634.2,2534289.0,LexionLEIND
2024-09-20,2644.0,2704.25,2631.15,2699.55,2322758.0,LexionLEIND
2024-09-23,2705.15,2729.85,2690.0,2725.15,1072247.0,LexionLEIND
2024-09-24,2725.0,2766.8,2674.0,2696.4,1540033.0,LexionLEIND
2024-09-25,2685.25,2704.6,2659.05,2697.35,718957.0,LexionLEIND
2024-09-26,2707.95,2762.45,2707.95,2755.5,1158606.0,LexionLEIND
2024-09-27,2750.0,2778.0,2731.0,2745.7,1097167.0,LexionLEIND
2024-09-30,2720.0,2740.0,2684.8,2689.95,883192.0,LexionLEIND
2024-10-01,2690.0,2710.0,2672.9,2707.05,552759.0,LexionLEIND
2024-10-03,2685.0,2695.0,2650.35,2674.85,812365.0,LexionLEIND
2024-10-04,2663.0,2678.35,2590.3,2598.15,1033034.0,LexionLEIND
2024-10-07,2604.95,2620.0,2566.9,2573.85,1102858.0,LexionLEIND
2024-10-08,2570.6,2594.0,2551.6,2581.75,1202170.0,LexionLEIND
2024-10-09,2579.0,2580.0,2468.95,2516.0,2366595.0,LexionLEIND
2024-10-10,2529.0,2531.7,2506.0,2512.45,1030002.0,LexionLEIND
2024-10-11,2520.0,2522.0,2496.1,2511.8,628464.0,LexionLEIND
2024-10-14,2519.7,2519.7,2493.15,2502.05,670384.0,LexionLEIND
2024-10-15,2502.05,2502.05,2472.0,2484.25,795154.0,LexionLEIND
2024-10-16,2490.0,2493.05,2431.45,2462.25,1236643.0,LexionLEIND
2024-10-17,2474.95,2474.95,2365.0,2378.7,2627754.0,LexionLEIND
2024-10-18,2380.0,2383.65,2326.1,2350.25,1639185.0,LexionLEIND
2024-10-21,2360.0,2374.0,2333.0,2354.65,748704.0,LexionLEIND
2024-10-22,2354.5,2385.0,2340.05,2350.25,967131.0,LexionLEIND
2024-10-23,2350.05,2374.9,2320.1,2327.15,707261.0,LexionLEIND
2024-10-24,2339.0,2340.0,2216.0,2258.65,2955497.0,LexionLEIND
2024-10-25,2269.0,2286.5,2257.0,2260.7,1341509.0,LexionLEIND
2024-10-28,2270.95,2319.0,2256.05,2272.05,875565.0,LexionLEIND
2024-10-29,2280.0,2285.8,2260.75,2267.4,929831.0,LexionLEIND
2024-10-30,2278.75,2297.25,2260.2,2276.3,893773.0,LexionLEIND
2024-10-31,2287.0,2287.0,2260.0,2262.95,659765.0,LexionLEIND
2024-11-01,2292.9,2292.95,2268.35,2282.3,121614.0,LexionLEIND
2024-11-04,2283.0,2287.0,2230.9,2246.2,963160.0,LexionLEIND
2024-11-05,2256.0,2267.9,2236.3,2262.45,725930.0,LexionLEIND
2024-11-06,2268.0,2279.7,2258.05,2275.6,806973.0,LexionLEIND
2024-11-07,2273.0,2284.85,2241.7,2262.85,891957.0,LexionLEIND
2024-11-08,2270.0,2298.0,2258.8,2295.65,834995.0,LexionLEIND
2024-11-11,2280.0,2294.85,2254.2,2279.05,773595.0,LexionLEIND
2024-11-12,2290.45,2290.45,2241.0,2256.2,1105339.0,LexionLEIND
2024-11-13,2241.25,2251.95,2222.0,2235.25,763388.0,LexionLEIND
2024-11-14,2239.05,2244.95,2178.4,2182.8,1159238.0,LexionLEIND
2024-11-18,2190.7,2218.95,2168.7,2213.2,691665.0,LexionLEIND
2024-11-19,2225.0,2243.65,2203.9,2214.15,806020.0,LexionLEIND
2024-11-21,2205.55,2250.0,2187.0,2211.2,827884.0,LexionLEIND
2024-11-22,2214.2,2252.85,2204.2,2247.3,771958.0,LexionLEIND
2024-11-25,2258.55,2283.65,2246.25,2256.95,2029802.0,LexionLEIND
2024-11-26,2270.0,2287.95,2250.5,2265.25,317122.0,LexionLEIND
2024-11-27,2276.6,2276.8,2250.45,2273.95,437361.0,LexionLEIND
2024-11-28,2274.05,2289.5,2228.0,2236.25,1246378.0,LexionLEIND
2024-11-29,2227.0,2263.0,2227.0,2234.65,1349160.0,LexionLEIND
2024-12-02,2242.8,2257.0,2223.1,2251.85,468272.0,LexionLEIND
2024-12-03,2262.0,2266.85,2250.0,2261.7,766232.0,LexionLEIND
2024-12-04,2261.0,2275.0,2241.45,2257.8,968869.0,LexionLEIND
2024-12-05,2257.8,2277.0,2221.0,2265.5,1187784.0,LexionLEIND
2024-12-06,2266.45,2291.95,2255.1,2267.8,645601.0,LexionLEIND
2024-12-09,2270.0,2276.6,2213.65,2228.85,969851.0,LexionLEIND
2024-12-10,2229.0,2240.0,2210.0,2214.45,915298.0,LexionLEIND
2024-12-11,2225.0,2254.0,2223.0,2241.05,734861.0,LexionLEIND
2024-12-12,2249.95,2254.0,2215.1,2224.05,965610.0,LexionLEIND
2024-12-13,2225.0,2257.85,2208.25,2253.5,554661.0,LexionLEIND
2024-12-16,2253.5,2257.5,2228.55,2238.75,665686.0,LexionLEIND
2024-12-17,2226.0,2233.95,2200.0,2202.95,1498906.0,LexionLEIND
2024-12-18,2202.95,2213.95,2180.5,2188.05,966166.0,LexionLEIND
2024-12-19,2185.0,2194.25,2147.4,2160.4,1553990.0,LexionLEIND
2024-12-20,2160.0,2175.0,2145.4,2163.5,1651762.0,LexionLEIND
2024-12-23,2170.0,2180.0,2147.7,2151.6,438717.0,LexionLEIND
2024-12-24,2151.7,2175.0,2151.7,2166.7,322566.0,LexionLEIND
2024-12-26,2158.2,2176.0,2146.4,2149.9,523926.0,LexionLEIND
2024-12-27,2159.0,2169.05,2151.0,2165.6,462667.0,LexionLEIND
2024-12-30,2174.0,2177.0,2149.0,2159.9,1235490.0,LexionLEIND
2024-12-31,2155.0,2174.55,2147.75,2170.05,635557.0,LexionLEIND
2025-01-01,2170.0,2179.25,2157.3,2169.25,454290.0,LexionLEIND
2025-01-02,2169.0,2207.75,2163.15,2200.2,629164.0,LexionLEIND
2025-01-03,2200.2,2237.95,2198.05,2232.7,1011450.0,LexionLEIND
2025-01-06,2243.5,2244.9,2170.0,2185.0,1138466.0,LexionLEIND
2025-01-07,2190.2,2216.3,2179.9,2212.65,595819.0,LexionLEIND
2025-01-08,2223.0,2224.95,2194.55,2219.9,449500.0,LexionLEIND
2025-01-09,2215.45,2271.8,2204.05,2256.05,1147318.0,LexionLEIND
2025-01-10,2272.05,2278.0,2241.25,2247.9,809854.0,LexionLEIND
2025-01-13,2245.0,2261.15,2221.55,2237.35,804531.0,LexionLEIND
2025-01-14,2251.2,2256.6,2199.25,2219.05,702549.0,LexionLEIND
2025-01-15,2219.05,2220.1,2172.2,2199.65,723625.0,LexionLEIND
2025-01-16,2205.1,2218.25,2156.5,2169.3,1325809.0,LexionLEIND
2025-01-17,2180.65,2226.35,2172.55,2217.2,455901.0,LexionLEIND
2025-01-20,2219.2,2225.0,2202.35,2214.0,401108.0,LexionLEIND
2025-01-21,2225.0,2240.0,2191.55,2196.45,764414.0,LexionLEIND
2025-01-22,2196.45,2212.95,2194.15,2207.8,448036.0,LexionLEIND
2025-01-23,2194.15,2209.6,2165.0,2198.95,496007.0,LexionLEIND
2025-01-24,2202.0,2222.75,2190.1,2207.9,663600.0,LexionLEIND
2025-01-27,2182.05,2231.9,2168.6,2174.75,549986.0,LexionLEIND
2025-01-28,2174.75,2181.85,2142.6,2156.3,721033.0,LexionLEIND
2025-01-29,2156.3,2184.9,2131.25,2180.7,397145.0,LexionLEIND
2025-01-30,2189.0,2232.7,2180.7,2217.35,574560.0,LexionLEIND
2025-01-31,2217.35,2387.0,2209.5,2313.2,3139887.0,LexionLEIND
2025-02-01,2313.0,2374.0,2257.25,2327.2,1246565.0,LexionLEIND
2025-02-03,2327.2,2374.0,2311.7,2317.1,1140871.0,LexionLEIND
2025-02-04,2322.4,2322.8,2283.7,2299.45,1243517.0,LexionLEIND
2025-02-05,2283.8,2297.9,2225.25,2248.95,1475295.0,LexionLEIND
2025-02-06,2269.0,2269.0,2227.0,2239.45,986957.0,LexionLEIND
2025-02-07,2234.0,2238.0,2207.55,2225.1,792558.0,LexionLEIND
2025-02-10,2235.0,2252.5,2206.2,2221.05,760181.0,LexionLEIND
2025-02-11,2221.05,2232.1,2177.95,2195.5,476837.0,LexionLEIND
2025-02-12,2214.0,2214.0,2171.7,2193.75,503258.0,LexionLEIND
2025-02-13,2193.75,2210.2,2172.65,2177.55,511147.0,LexionLEIND
2025-02-14,2177.55,2225.0,2170.05,2195.85,960861.0,LexionLEIND
2025-02-17,2195.85,2220.0,2170.0,2216.5,801515.0,LexionLEIND
2025-02-18,2216.5,2229.5,2199.95,2222.4,453059.0,LexionLEIND
2025-02-19,2206.0,2224.0,2197.55,2204.95,426479.0,LexionLEIND
2025-02-20,2204.95,2214.95,2186.8,2206.75,658467.0,LexionLEIND
2025-02-21,2216.95,2218.1,2189.3,2214.95,594245.0,LexionLEIND
2025-02-24,2199.0,2237.85,2196.05,2220.4,484042.0,LexionLEIND
2025-02-25,2222.45,2256.4,2213.85,2250.4,642834.0,LexionLEIND
2025-02-27,2260.2,2281.8,2250.0,2278.2,751003.0,LexionLEIND
2025-02-28,2261.0,2270.0,2185.0,2189.65,1843566.0,LexionLEIND
2025-03-03,2188.25,2200.0,2150.8,2185.55,521775.0,LexionLEIND
2025-03-04,2160.0,2164.1,2118.0,2146.5,1042522.0,LexionLEIND
2025-03-05,2110.0,2209.35,2110.0,2197.0,846664.0,LexionLEIND
2025-03-06,2187.0,2216.4,2170.3,2201.2,1257461.0,LexionLEIND
2025-03-07,2201.0,2246.0,2191.25,2238.45,525606.0,LexionLEIND
2025-03-10,2239.2,2274.0,2155.1,2248.4,506580.0,LexionLEIND
2025-03-11,2240.8,2272.45,2233.75,2251.4,478555.0,LexionLEIND
2025-03-12,2249.0,2254.1,2191.65,2195.5,358589.0,LexionLEIND
2025-03-13,2202.1,2211.75,2184.1,2191.95,292170.0,LexionLEIND
2025-03-17,2175.55,2203.35,2156.0,2174.35,410005.0,LexionLEIND
2025-03-18,2178.0,2206.1,2170.0,2202.05,423776.0,LexionLEIND
2025-03-19,2206.5,2213.4,2180.15,2184.0,422543.0,LexionLEIND
2025-03-20,2204.0,2228.75,2181.15,2221.55,476874.0,LexionLEIND
2025-03-21,2240.9,2275.0,2231.95,2268.85,792637.0,LexionLEIND
2025-03-24,2273.1,2288.6,2260.05,2263.55,430951.0,LexionLEIND
2025-03-25,2260.0,2280.0,2230.2,2254.85,742142.0,LexionLEIND
2025-03-26,2254.9,2269.85,2240.1,2243.45,533469.0,LexionLEIND
2025-03-27,2240.2,2268.0,2225.25,2242.05,865586.0,LexionLEIND
2025-03-28,2243.05,2287.95,2243.05,2250.75,716151.0,LexionLEIND
2025-04-01,2261.9,2287.85,2218.1,2234.0,1020055.0,LexionLEIND
2025-04-02,2230.0,2230.0,2148.0,2210.7,1300852.0,LexionLEIND
2025-04-03,2198.05,2249.05,2195.0,2245.65,317858.0,LexionLEIND
2025-04-04,2234.0,2282.8,2217.25,2262.15,591735.0,LexionLEIND
2025-04-07,2160.0,2257.35,2160.0,2249.0,737285.0,LexionLEIND
2025-04-08,2255.0,2282.95,2231.25,2275.4,873508.0,LexionLEIND
2025-04-09,2283.2,2362.6,2272.2,2344.85,1853374.0,LexionLEIND
2024-09-02,3021.75,3053.6,3013.25,3032.5,5620426.0,NoventisANCE
2024-09-03,3042.5,3046.0,3015.0,3018.25,5461900.0,NoventisANCE
2024-09-04,3001.4,3035.0,2999.0,3029.1,5991652.0,NoventisANCE
2024-09-05,3038.1,3051.55,2974.1,2985.95,8132084.0,NoventisANCE
2024-09-06,2985.0,2994.0,2923.25,2929.65,9697114.0,NoventisANCE
2024-09-09,2933.0,2939.85,2911.2,2924.9,4505149.0,NoventisANCE
2024-09-10,2921.0,2944.1,2915.15,2923.05,5384130.0,NoventisANCE
2024-09-11,2926.1,2937.5,2895.1,2903.0,4880101.0,NoventisANCE
2024-09-12,2914.0,2972.0,2891.75,2959.6,11174688.0,NoventisANCE
2024-09-13,2952.8,2966.3,2939.0,2945.25,4355664.0,NoventisANCE
2024-09-16,2955.1,2961.8,2929.5,2942.7,2740887.0,NoventisANCE
2024-09-17,2948.0,2954.95,2933.25,2944.6,2967664.0,NoventisANCE
2024-09-18,2940.0,2964.0,2921.1,2926.9,4287357.0,NoventisANCE
2024-09-19,2932.5,2953.0,2911.1,2939.35,8477951.0,NoventisANCE
2024-09-20,2948.0,2990.0,2942.75,2971.85,15448660.0,NoventisANCE
2024-09-23,2982.0,3003.0,2977.9,2986.75,4416157.0,NoventisANCE
2024-09-24,2977.0,3001.0,2975.75,2978.75,8568722.0,NoventisANCE
2024-09-25,2967.8,2993.0,2960.4,2987.9,3534501.0,NoventisANCE
2024-09-26,2981.3,3008.0,2976.1,2995.9,9409499.0,NoventisANCE
2024-09-27,2998.0,3066.95,2984.0,3052.35,10298739.0,NoventisANCE
2024-09-30,3038.8,3049.95,2948.8,2953.15,13504407.0,NoventisANCE
2024-10-01,2961.3,2975.9,2925.65,2929.65,8215821.0,NoventisANCE
2024-10-03,2873.15,2898.8,2804.15,2813.95,18878647.0,NoventisANCE
2024-10-04,2807.85,2834.7,2763.55,2773.05,18536438.0,NoventisANCE
2024-10-07,2787.0,2793.0,2722.75,2741.45,11090670.0,NoventisANCE
2024-10-08,2745.95,2802.0,2730.2,2794.7,8510404.0,NoventisANCE
2024-10-09,2795.05,2801.95,2745.0,2749.2,7155305.0,NoventisANCE
2024-10-10,2760.05,2772.0,2738.85,2742.1,11179323.0,NoventisANCE
2024-10-11,2740.0,2766.55,2737.65,2744.2,3990061.0,NoventisANCE
2024-10-14,2758.9,2760.15,2736.5,2745.05,6110716.0,NoventisANCE
2024-10-15,2717.05,2743.4,2681.4,2688.05,16881397.0,NoventisANCE
2024-10-16,2680.0,2728.0,2675.25,2708.15,10017219.0,NoventisANCE
2024-10-17,2731.4,2736.9,2704.1,2712.85,7771830.0,NoventisANCE
2024-10-18,2704.35,2736.85,2682.65,2718.6,6041226.0,NoventisANCE
2024-10-21,2734.25,2748.0,2715.45,2738.4,7033704.0,NoventisANCE
2024-10-22,2738.4,2752.0,2680.45,2686.7,7915980.0,NoventisANCE
2024-10-23,2675.0,2714.95,2670.0,2677.05,8607371.0,NoventisANCE
2024-10-24,2670.55,2687.4,2646.25,2679.6,11077967.0,NoventisANCE
2024-10-25,2687.0,2688.7,2644.0,2655.7,9298748.0,NoventisANCE
2024-10-28,1337.0,1353.0,1322.1,1334.35,10824350.0,NoventisANCE
2024-10-29,1328.1,1343.2,1320.3,1340.0,12008361.0,NoventisANCE
2024-10-30,1335.0,1350.0,1325.35,1343.9,11984423.0,NoventisANCE
2024-10-31,1340.0,1343.0,1326.15,1332.05,9331650.0,NoventisANCE
2024-11-01,1333.05,1341.95,1333.0,1338.65,2127335.0,NoventisANCE
2024-11-04,1337.85,1340.0,1285.1,1302.15,19796890.0,NoventisANCE
2024-11-05,1293.0,1309.55,1286.15,1305.3,16267479.0,NoventisANCE
2024-11-06,1310.0,1328.3,1300.2,1325.35,21625209.0,NoventisANCE
2024-11-07,1324.0,1324.0,1302.6,1305.65,9611974.0,NoventisANCE
2024-11-08,1297.65,1301.65,1275.0,1283.75,19814406.0,NoventisANCE
2024-11-11,1278.95,1286.0,1267.0,1272.7,9056552.0,NoventisANCE
2024-11-12,1275.55,1289.3,1267.5,1274.25,10671091.0,NoventisANCE
2024-11-13,1270.25,1275.45,1249.5,1252.05,14633633.0,NoventisANCE
2024-11-14,1253.6,1272.6,1251.1,1267.6,12612633.0,NoventisANCE
2024-11-18,1267.6,1272.9,1243.9,1260.75,13620611.0,NoventisANCE
2024-11-19,1260.75,1281.5,1235.15,1241.65,14183746.0,NoventisANCE
2024-11-21,1241.65,1243.95,1217.25,1223.0,19433843.0,NoventisANCE
2024-11-22,1229.4,1268.85,1222.45,1265.4,20471957.0,NoventisANCE
2024-11-25,1290.0,1304.45,1282.45,1287.0,28923341.0,NoventisANCE
2024-11-26,1294.95,1297.85,1284.2,1295.7,9247557.0,NoventisANCE
2024-11-27,1293.5,1303.85,1286.0,1293.2,9572746.0,NoventisANCE
2024-11-28,1289.95,1296.6,1269.05,1270.8,15027412.0,NoventisANCE
2024-11-29,1280.0,1299.5,1275.25,1292.2,13202307.0,NoventisANCE
2024-12-02,1288.0,1311.35,1277.05,1309.15,11024152.0,NoventisANCE
2024-12-03,1317.0,1326.8,1307.0,1323.3,16869482.0,NoventisANCE
2024-12-04,1326.0,1328.4,1304.05,1308.95,19608540.0,NoventisANCE
2024-12-05,1314.35,1329.95,1306.15,1322.05,16858723.0,NoventisANCE
2024-12-06,1323.9,1323.9,1310.0,1311.55,9037514.0,NoventisANCE
2024-12-09,1303.0,1315.0,1293.1,1295.15,14650002.0,NoventisANCE
2024-12-10,1289.25,1294.9,1280.2,1284.85,16043729.0,NoventisANCE
2024-12-11,1285.0,1290.0,1276.05,1278.2,11724373.0,NoventisANCE
2024-12-12,1270.0,1278.2,1260.6,1262.9,20906813.0,NoventisANCE
2024-12-13,1260.0,1275.2,1239.6,1272.85,28630222.0,NoventisANCE
2024-12-16,1275.0,1281.0,1266.55,1268.3,9486781.0,NoventisANCE
2024-12-17,1261.05,1263.9,1242.8,1245.3,17462791.0,NoventisANCE
2024-12-18,1240.65,1259.95,1240.65,1253.25,12670179.0,NoventisANCE
2024-12-19,1239.0,1244.9,1229.0,1230.45,14244653.0,NoventisANCE
2024-12-20,1224.0,1239.5,1201.5,1205.3,20312896.0,NoventisANCE
2024-12-23,1215.0,1227.2,1213.2,1222.3,10052824.0,NoventisANCE
2024-12-24,1222.3,1233.55,1221.0,1222.75,6734917.0,NoventisANCE
2024-12-26,1224.25,1227.7,1214.25,1216.55,10016178.0,NoventisANCE
2024-12-27,1218.3,1227.9,1217.0,1221.05,7000397.0,NoventisANCE
2024-12-30,1216.4,1223.2,1208.1,1210.7,8818766.0,NoventisANCE
2024-12-31,1208.0,1219.1,1206.15,1215.45,6405475.0,NoventisANCE
2025-01-01,1214.85,1226.3,1211.6,1221.25,5892590.0,NoventisANCE
2025-01-02,1221.25,1244.45,1220.0,1241.8,15486276.0,NoventisANCE
2025-01-03,1243.9,1262.05,1235.5,1251.15,15521102.0,NoventisANCE
2025-01-06,1253.95,1262.0,1215.0,1218.0,14816766.0,NoventisANCE
2025-01-07,1222.0,1244.5,1221.25,1240.85,10070505.0,NoventisANCE
2025-01-08,1249.0,1271.05,1245.35,1265.5,19346579.0,NoventisANCE
2025-01-09,1267.0,1269.75,1248.05,1254.75,12794704.0,NoventisANCE
2025-01-10,1253.85,1256.75,1236.0,1241.9,8120332.0,NoventisANCE
2025-01-13,1230.0,1245.25,1226.4,1239.85,13764861.0,NoventisANCE
2025-01-14,1244.1,1253.35,1227.25,1238.75,13095266.0,NoventisANCE
2025-01-15,1244.95,1257.0,1241.85,1252.2,9578856.0,NoventisANCE
2025-01-16,1258.9,1275.0,1251.3,1266.45,14117603.0,NoventisANCE
2025-01-17,1322.25,1326.0,1285.0,1302.35,29366277.0,NoventisANCE
2025-01-20,1316.0,1316.0,1300.25,1305.45,14040244.0,NoventisANCE
2025-01-21,1310.5,1313.0,1270.2,1273.7,14562976.0,NoventisANCE
2025-01-22,1278.3,1282.9,1268.7,1277.1,10273590.0,NoventisANCE
2025-01-23,1263.2,1263.2,1263.2,1263.2,1096295.0,NoventisANCE
2025-01-23,1270.0,1277.35,1261.6,1263.65,8720682.0,NoventisANCE
2025-01-24,1266.0,1273.0,1243.5,1246.3,14235970.0,NoventisANCE
2025-01-27,1239.1,1240.45,1220.0,1229.35,9536019.0,NoventisANCE
2025-01-28,1238.0,1244.75,1218.5,1234.4,10568025.0,NoventisANCE
2025-01-29,1236.0,1242.75,1228.05,1235.5,5928156.0,NoventisANCE
2025-01-30,1235.55,1257.0,1232.4,1253.05,9269259.0,NoventisANCE
2025-01-31,1255.85,1267.0,1249.0,1265.1,6584612.0,NoventisANCE
2025-02-01,1265.1,1270.55,1241.0,1264.6,7118453.0,NoventisANCE
2025-02-03,1251.0,1256.0,1237.55,1245.9,9252345.0,NoventisANCE
2025-02-04,1248.05,1288.8,1246.6,1285.2,16691069.0,NoventisANCE
2025-02-05,1282.65,1290.5,1276.7,1278.2,10112028.0,NoventisANCE
2025-02-06,1273.7,1288.0,1270.35,1281.55,9956001.0,NoventisANCE
2025-02-07,1276.15,1283.7,1262.0,1266.7,8764283.0,NoventisANCE
2025-02-10,1264.5,1266.5,1245.55,1253.65,6970972.0,NoventisANCE
2025-02-11,1264.55,1264.55,1230.1,1234.85,8859714.0,NoventisANCE
2025-02-12,1219.45,1226.9,1193.35,1216.55,21131654.0,NoventisANCE
2025-02-13,1217.05,1228.0,1212.0,1216.1,8511216.0,NoventisANCE
2025-02-14,1219.0,1224.0,1205.45,1217.25,10298145.0,NoventisANCE
2025-02-17,1211.1,1227.5,1204.5,1224.9,8166683.0,NoventisANCE
2025-02-18,1224.85,1229.9,1216.1,1225.4,6673250.0,NoventisANCE
2025-02-19,1219.5,1232.75,1217.55,1227.45,6217338.0,NoventisANCE
2025-02-20,1223.95,1239.35,1222.0,1233.0,7795582.0,NoventisANCE
2025-02-21,1228.7,1240.0,1222.15,1228.15,6904025.0,NoventisANCE
2025-02-24,1216.55,1223.25,1210.5,1214.55,7172498.0,NoventisANCE
2025-02-25,1211.0,1221.0,1201.5,1204.0,11552182.0,NoventisANCE
2025-02-27,1212.8,1215.0,1200.65,1207.1,11509215.0,NoventisANCE
2025-02-28,1202.0,1217.35,1193.3,1200.1,23007298.0,NoventisANCE
2025-03-03,1204.0,1206.45,1156.0,1171.25,17944938.0,NoventisANCE
2025-03-04,1162.2,1174.0,1159.55,1161.9,11377373.0,NoventisANCE
2025-03-05,1161.0,1183.0,1157.0,1175.6,8664095.0,NoventisANCE
2025-03-06,1197.0,1213.95,1185.15,1209.6,14468014.0,NoventisANCE
2025-03-07,1216.0,1254.8,1212.0,1249.8,16474965.0,NoventisANCE
2025-03-10,1245.0,1258.0,1235.4,1238.4,11931051.0,NoventisANCE
2025-03-11,1240.0,1249.5,1229.75,1247.3,10089838.0,NoventisANCE
2025-03-12,1258.0,1263.0,1244.0,1257.05,11977555.0,NoventisANCE
2025-03-13,1260.05,1264.15,1243.85,1247.9,9505270.0,NoventisANCE
2025-03-17,1242.15,1257.4,1233.1,1238.85,16640952.0,NoventisANCE
2025-03-18,1238.85,1238.85,1238.85,1238.85,170000.0,NoventisANCE
2025-03-18,1244.7,1248.35,1235.0,1238.8,15745877.0,NoventisANCE
2025-03-19,1241.05,1253.25,1238.8,1247.15,16162399.0,NoventisANCE
2025-03-20,1251.85,1273.0,1250.05,1269.15,15971477.0,NoventisANCE
2025-03-21,1275.0,1281.0,1270.1,1276.35,21780769.0,NoventisANCE
2025-03-24,1291.0,1306.0,1284.25,1302.1,20299319.0,NoventisANCE
2025-03-25,1307.7,1307.7,1282.6,1285.45,13713899.0,NoventisANCE
2025-03-26,1291.0,1293.8,1268.75,1273.05,12074747.0,NoventisANCE
2025-03-27,1278.15,1285.0,1271.3,1278.2,15028056.0,NoventisANCE
2025-03-28,1280.0,1295.75,1269.0,1275.1,18147129.0,NoventisANCE
2025-04-01,1264.6,1277.9,1249.3,1252.6,12099648.0,NoventisANCE
2025-04-02,1247.55,1255.55,1243.9,1251.15,10142590.0,NoventisANCE
2025-04-03,1233.05,1251.8,1233.05,1248.7,7434366.0,NoventisANCE
2025-04-04,1241.1,1245.45,1193.15,1204.7,17908652.0,NoventisANCE
2025-04-07,1132.2,1171.25,1114.85,1165.7,22156106.0,NoventisANCE
2025-04-08,1172.0,1196.6,1163.3,1182.2,19555040.0,NoventisANCE
2025-04-09,1169.5,1189.8,1168.0,1185.35,10223104.0,NoventisANCE
2024-09-02,1839.1,1960.0,1839.1,1945.7,2881173.0,VireonGREEN
2024-09-03,1947.0,1957.5,1891.0,1897.9,923970.0,VireonGREEN
2024-09-04,1877.0,1935.45,1872.0,1930.9,794724.0,VireonGREEN
2024-09-05,1931.55,1947.0,1885.0,1890.3,576528.0,VireonGREEN
2024-09-06,1902.9,1929.45,1852.3,1863.3,777226.0,VireonGREEN
2024-09-09,1865.0,1882.65,1822.4,1865.75,717802.0,VireonGREEN
2024-09-10,1866.0,1893.0,1838.5,1849.7,535037.0,VireonGREEN
2024-09-11,1852.1,1865.0,1809.1,1814.45,515632.0,VireonGREEN
2024-09-12,1822.45,1834.9,1805.3,1811.9,456050.0,VireonGREEN
2024-09-13,1807.0,1819.8,1780.4,1788.2,452365.0,VireonGREEN
2024-09-16,1850.0,1941.65,1833.15,1930.8,5342579.0,VireonGREEN
2024-09-17,1930.8,1978.0,1886.0,1954.4,4392980.0,VireonGREEN
2024-09-18,1940.0,1965.0,1925.1,1950.8,2911792.0,VireonGREEN
2024-09-19,1941.0,1968.35,1905.8,1962.95,4625834.0,VireonGREEN
2024-09-20,1962.95,2019.95,1947.0,2003.95,5657903.0,VireonGREEN
2024-09-23,2028.95,2042.9,1963.05,2031.2,3976960.0,VireonGREEN
2024-09-24,2037.6,2079.65,2023.7,2070.55,2241165.0,VireonGREEN
2024-09-25,2079.0,2087.75,2027.1,2066.75,1112406.0,VireonGREEN
2024-09-26,2080.0,2091.0,2039.2,2057.85,804165.0,VireonGREEN
2024-09-27,2060.0,2084.3,1963.75,1981.85,2301548.0,VireonGREEN
2024-09-30,1985.0,1988.45,1891.9,1902.7,1369027.0,VireonGREEN
2024-10-01,1915.55,1929.55,1880.0,1884.95,798097.0,VireonGREEN
2024-10-03,1865.0,1868.6,1775.75,1807.8,1694940.0,VireonGREEN
2024-10-04,1811.9,1835.0,1780.0,1801.2,883170.0,VireonGREEN
2024-10-07,1801.15,1815.1,1735.0,1752.45,694897.0,VireonGREEN
2024-10-08,1751.0,1822.0,1725.55,1813.85,752389.0,VireonGREEN
2024-10-09,1827.0,1833.95,1779.45,1784.45,542956.0,VireonGREEN
2024-10-10,1804.7,1804.7,1758.2,1780.5,595689.0,VireonGREEN
2024-10-11,1782.0,1807.0,1767.0,1792.2,475444.0,VireonGREEN
2024-10-14,1793.0,1804.35,1765.05,1775.35,369972.0,VireonGREEN
2024-10-15,1777.0,1783.9,1750.0,1763.0,335436.0,VireonGREEN
2024-10-16,1760.0,1774.2,1740.55,1751.05,377378.0,VireonGREEN
2024-10-17,1750.05,1767.7,1719.0,1733.55,355958.0,VireonGREEN
2024-10-18,1735.0,1745.5,1703.0,1736.05,410948.0,VireonGREEN
2024-10-21,1741.0,1753.0,1705.0,1710.8,298218.0,VireonGREEN
2024-10-22,1732.0,1747.4,1668.25,1684.45,809408.0,VireonGREEN
2024-10-23,1684.45,1725.0,1627.85,1702.1,1504049.0,VireonGREEN
2024-10-24,1691.0,1710.85,1681.0,1692.4,472958.0,VireonGREEN
2024-10-25,1700.0,1718.9,1625.0,1644.0,707626.0,VireonGREEN
2024-10-28,1644.0,1661.7,1588.55,1613.15,850381.0,VireonGREEN
2024-10-29,1612.0,1641.0,1588.0,1635.1,540217.0,VireonGREEN
2024-10-30,1615.0,1653.75,1596.65,1634.2,713381.0,VireonGREEN
2024-10-31,1642.1,1664.0,1591.95,1598.3,716981.0,VireonGREEN
2024-11-01,1620.0,1639.55,1614.45,1632.65,132414.0,VireonGREEN
2024-11-04,1625.0,1630.0,1606.3,1611.95,388291.0,VireonGREEN
2024-11-05,1600.0,1655.0,1594.0,1644.25,379955.0,VireonGREEN
2024-11-06,1652.0,1733.95,1636.7,1721.15,966147.0,VireonGREEN
2024-11-07,1725.85,1725.85,1635.0,1642.7,848208.0,VireonGREEN
2024-11-08,1640.05,1645.0,1581.4,1598.55,546531.0,VireonGREEN
2024-11-11,1590.1,1599.55,1550.3,1557.4,430658.0,VireonGREEN
2024-11-12,1550.0,1573.0,1511.0,1524.15,523181.0,VireonGREEN
2024-11-13,1503.0,1542.55,1459.55,1468.45,632049.0,VireonGREEN
2024-11-14,1480.0,1519.95,1473.85,1490.3,571469.0,VireonGREEN
2024-11-18,1512.45,1517.75,1450.0,1456.95,626638.0,VireonGREEN
2024-11-19,1448.05,1467.0,1400.1,1412.7,972102.0,VireonGREEN
2024-11-21,1160.0,1212.0,1132.0,1145.7,9523600.0,VireonGREEN
2024-11-22,1085.0,1219.0,1021.0,1051.8,22036694.0,VireonGREEN
2024-11-25,1080.2,1141.0,933.0,968.8,28623200.0,VireonGREEN
2024-11-26,968.8,968.8,891.85,898.55,7526340.0,VireonGREEN
2024-11-27,890.0,988.4,870.25,988.4,10995732.0,VireonGREEN
2024-11-28,1020.0,1087.2,1014.0,1087.2,7840622.0,VireonGREEN
2024-11-29,1149.0,1368.0,1138.5,1323.9,23771119.0,VireonGREEN
2024-12-02,1360.55,1447.7,1301.9,1327.95,19679024.0,VireonGREEN
2024-12-03,1344.0,1365.0,1305.0,1312.8,7685780.0,VireonGREEN
2024-12-04,1320.0,1330.05,1251.9,1260.85,5109679.0,VireonGREEN
2024-12-05,1270.0,1270.6,1220.0,1229.6,4522158.0,VireonGREEN
2024-12-06,1236.05,1266.85,1205.15,1210.65,3815815.0,VireonGREEN
2024-12-09,1210.65,1236.0,1180.0,1216.95,3505936.0,VireonGREEN
2024-12-10,1224.95,1224.95,1165.35,1176.65,3096278.0,VireonGREEN
2024-12-11,1171.0,1189.45,1143.0,1148.05,2666340.0,VireonGREEN
2024-12-12,1143.85,1249.0,1124.2,1217.95,10821668.0,VireonGREEN
2024-12-13,1220.0,1252.3,1179.3,1198.4,6893497.0,VireonGREEN
2024-12-16,1200.95,1210.5,1163.65,1168.05,2717545.0,VireonGREEN
2024-12-17,1167.9,1178.95,1138.0,1143.25,2303877.0,VireonGREEN
2024-12-18,1145.05,1150.0,1102.0,1105.5,2654966.0,VireonGREEN
2024-12-19,1080.0,1103.55,1062.55,1073.65,2938214.0,VireonGREEN
2024-12-20,1074.9,1119.0,1015.1,1034.35,14340608.0,VireonGREEN
2024-12-23,1049.7,1057.95,1023.6,1034.65,2775914.0,VireonGREEN
2024-12-24,1035.6,1059.05,1020.0,1031.05,2494981.0,VireonGREEN
2024-12-26,1030.25,1082.2,1023.0,1064.25,5614636.0,VireonGREEN
2024-12-27,1065.0,1076.65,1044.25,1054.0,2871766.0,VireonGREEN
2024-12-30,1060.0,1113.7,1042.0,1075.65,6974681.0,VireonGREEN
2024-12-31,1070.95,1070.95,1029.0,1040.7,2589661.0,VireonGREEN
2025-01-01,1040.7,1060.0,1038.95,1046.4,1560588.0,VireonGREEN
2025-01-02,1048.0,1055.9,1035.0,1046.5,1415783.0,VireonGREEN
2025-01-03,1049.65,1069.9,1036.0,1038.25,2143236.0,VireonGREEN
2025-01-06,1039.0,1040.5,980.0,982.6,3322540.0,VireonGREEN
2025-01-07,986.95,1014.8,985.1,1005.5,2637204.0,VireonGREEN
2025-01-08,1010.0,1011.55,981.0,988.95,1702163.0,VireonGREEN
2025-01-09,989.5,1002.0,975.1,977.7,1237540.0,VireonGREEN
2025-01-10,970.05,977.5,940.4,943.05,2096676.0,VireonGREEN
2025-01-13,937.8,937.8,885.0,889.75,2618478.0,VireonGREEN
2025-01-14,898.05,1018.4,897.5,1006.85,17198310.0,VireonGREEN
2025-01-15,1040.0,1080.0,1023.5,1035.05,13279463.0,VireonGREEN
2025-01-16,1107.05,1127.0,1063.4,1070.25,7083726.0,VireonGREEN
2025-01-17,1078.9,1089.5,1056.15,1078.2,3486290.0,VireonGREEN
2025-01-20,1082.0,1088.0,1054.25,1066.75,2463260.0,VireonGREEN
2025-01-21,1063.3,1070.0,1037.75,1045.7,1985986.0,VireonGREEN
2025-01-22,1040.0,1042.8,1007.0,1031.7,2656247.0,VireonGREEN
2025-01-23,1026.0,1049.4,1015.0,1030.25,3052259.0,VireonGREEN
2025-01-24,1037.25,1065.0,1006.0,1012.1,4978974.0,VireonGREEN
2025-01-27,995.1,1003.0,982.95,998.95,2286903.0,VireonGREEN
2025-01-28,999.0,1012.75,965.7,987.3,2102556.0,VireonGREEN
2025-01-29,989.0,1006.35,982.4,987.65,1865241.0,VireonGREEN
2025-01-30,986.0,1001.9,965.7,971.85,1871049.0,VireonGREEN
2025-01-31,973.9,1006.8,971.55,997.55,3123886.0,VireonGREEN
2025-02-01,1010.0,1049.9,986.0,996.5,4230202.0,VireonGREEN
2025-02-03,994.9,994.9,967.5,970.1,1672435.0,VireonGREEN
2025-02-04,973.2,990.0,973.2,983.15,1333100.0,VireonGREEN
2025-02-05,987.05,1028.7,987.05,1017.8,2434579.0,VireonGREEN
2025-02-06,1025.9,1025.9,993.5,997.6,1097383.0,VireonGREEN
2025-02-07,999.9,1009.55,984.1,989.5,1238324.0,VireonGREEN
2025-02-10,996.0,998.95,950.05,954.05,1527205.0,VireonGREEN
2025-02-11,965.0,985.9,938.05,946.2,3770394.0,VireonGREEN
2025-02-12,950.05,956.95,897.05,916.9,4095054.0,VireonGREEN
2025-02-13,927.05,945.95,908.05,913.75,2474769.0,VireonGREEN
2025-02-14,920.0,923.65,873.0,884.4,2874948.0,VireonGREEN
2025-02-17,878.95,900.85,840.45,890.35,4343277.0,VireonGREEN
2025-02-18,899.0,904.9,870.1,897.55,2718141.0,VireonGREEN
2025-02-19,875.25,885.85,860.95,864.7,4121742.0,VireonGREEN
2025-02-20,861.0,883.95,845.0,864.95,3499937.0,VireonGREEN
2025-02-21,864.95,877.0,841.0,849.35,2895228.0,VireonGREEN
2025-02-24,840.0,842.7,819.1,836.05,3682290.0,VireonGREEN
2025-02-25,836.5,867.0,828.65,840.65,5299509.0,VireonGREEN
2025-02-27,848.65,859.45,806.3,811.75,5612214.0,VireonGREEN
2025-02-28,795.1,815.0,760.15,774.4,43947584.0,VireonGREEN
2025-03-03,775.0,808.8,758.0,804.1,5720645.0,VireonGREEN
2025-03-04,783.2,796.65,765.6,768.55,7726332.0,VireonGREEN
2025-03-05,769.0,857.9,769.0,848.7,17902240.0,VireonGREEN
2025-03-06,868.8,872.45,836.0,845.95,10166566.0,VireonGREEN
2025-03-07,840.0,847.3,823.15,837.2,6078435.0,VireonGREEN
2025-03-10,840.9,871.0,823.25,826.05,6595111.0,VireonGREEN
2025-03-11,819.25,834.35,810.6,824.2,3495317.0,VireonGREEN
2025-03-12,834.4,858.0,806.35,853.45,4826264.0,VireonGREEN
2025-03-13,874.0,896.85,858.0,873.65,11779180.0,VireonGREEN
2025-03-17,873.65,908.45,868.85,896.45,5903492.0,VireonGREEN
2025-03-18,904.7,911.9,889.1,900.9,4222109.0,VireonGREEN
2025-03-19,904.05,918.75,901.4,911.2,2980425.0,VireonGREEN
2025-03-20,920.3,927.95,902.05,923.4,3210117.0,VireonGREEN
2025-03-21,925.0,983.35,920.55,954.25,8147557.0,VireonGREEN
2025-03-24,972.0,981.0,949.05,952.9,3632791.0,VireonGREEN
2025-03-25,959.0,966.0,916.0,923.4,3504686.0,VireonGREEN
2025-03-26,921.95,942.0,910.0,912.1,3194761.0,VireonGREEN
2025-03-27,910.0,966.6,905.2,959.9,5918219.0,VireonGREEN
2025-03-28,967.85,976.45,942.05,948.65,4083088.0,VireonGREEN
2025-04-01,948.0,962.0,916.65,919.15,3393666.0,VireonGREEN
2025-04-02,926.9,945.1,910.7,943.05,2965379.0,VireonGREEN
2025-04-03,927.0,966.5,927.0,955.3,3305378.0,VireonGREEN
2025-04-04,949.95,956.0,917.65,923.8,3226540.0,VireonGREEN
2025-04-07,850.0,891.95,850.0,873.3,3317613.0,VireonGREEN
2025-04-08,899.0,908.1,873.3,875.8,3363547.0,VireonGREEN
2025-04-09,874.0,878.95,850.5,860.75,2518172.0,VireonGREEN
2024-09-02,817.3,825.4,813.05,822.15,11813750.0,Tradyne
2024-09-03,822.15,825.95,816.4,824.8,10548350.0,Tradyne
2024-09-04,815.45,818.65,813.65,816.5,10789570.0,Tradyne
2024-09-05,818.35,822.15,814.4,818.75,8395074.0,Tradyne
2024-09-05,820.0,820.0,820.0,818.75,1.0,Tradyne
2024-09-06,811.5,812.9,777.0,782.5,40220096.0,Tradyne
2024-09-09,785.0,788.2,771.0,784.25,21322103.0,Tradyne
2024-09-10,788.0,788.8,777.5,782.65,12824701.0,Tradyne
2024-09-11,780.05,788.0,765.4,768.6,20060665.0,Tradyne
2024-09-12,775.0,789.9,772.75,787.75,17578964.0,Tradyne
2024-09-13,791.0,795.0,785.1,790.85,12950936.0,Tradyne
2024-09-16,790.85,795.0,784.4,785.55,9553736.0,Tradyne
2024-09-17,785.6,787.5,780.55,782.9,10665630.0,Tradyne
2024-09-18,783.8,794.75,782.0,792.75,18324412.0,Tradyne
2024-09-19,795.05,801.35,784.05,789.95,10645478.0,Tradyne
2024-09-20,794.85,794.85,779.5,781.7,21372244.0,Tradyne
2024-09-23,786.0,805.0,784.5,801.85,17309545.0,Tradyne
2024-09-24,799.25,804.25,796.5,798.25,15180653.0,Tradyne
2024-09-25,797.9,798.0,788.7,793.1,18465571.0,Tradyne
2024-09-26,796.0,803.0,791.6,801.85,23198842.0,Tradyne
2024-09-27,801.85,808.0,798.45,802.65,15193681.0,Tradyne
2024-09-30,801.9,802.6,786.45,787.9,15484573.0,Tradyne
2024-10-01,788.0,800.35,788.0,796.95,13280535.0,Tradyne
2024-10-03,789.9,804.0,784.3,794.1,15944135.0,Tradyne
2024-10-04,792.0,809.85,785.25,796.65,20097454.0,Tradyne
2024-10-07,800.0,804.0,765.4,770.65,24267990.0,Tradyne
2024-10-08,772.25,784.4,772.25,781.45,8560960.0,Tradyne
2024-10-09,786.7,804.35,782.05,797.4,18758697.0,Tradyne
2024-10-10,799.0,804.45,795.0,797.1,10241015.0,Tradyne
2024-10-11,797.2,802.7,793.0,799.75,14322720.0,Tradyne
2024-10-14,802.0,809.25,800.8,805.15,8967564.0,Tradyne
2024-10-15,805.5,807.5,801.6,804.65,6252104.0,Tradyne
2024-10-16,802.8,809.0,802.05,805.45,6494240.0,Tradyne
2024-10-17,809.5,819.5,806.0,811.05,18580553.0,Tradyne
2024-10-18,811.1,822.6,802.9,820.4,11704698.0,Tradyne
2024-10-21,824.7,826.45,809.0,813.95,10359618.0,Tradyne
2024-10-22,814.0,816.85,787.5,790.4,16645356.0,Tradyne
2024-10-23,790.0,792.6,779.8,786.0,13866198.0,Tradyne
2024-10-24,786.05,797.0,784.65,794.55,5607500.0,Tradyne
2024-10-25,798.0,800.75,772.0,780.95,9717125.0,Tradyne
2024-10-28,783.8,803.95,783.55,792.05,13757251.0,Tradyne
2024-10-29,796.0,834.85,790.5,832.7,28274791.0,Tradyne
2024-10-30,828.0,833.0,821.05,822.45,15977682.0,Tradyne
2024-10-31,820.0,828.0,813.55,820.2,13402324.0,Tradyne
2024-11-01,822.4,825.6,818.9,821.2,1637141.0,Tradyne
2024-11-04,822.7,837.5,807.1,829.85,14498161.0,Tradyne
2024-11-05,829.85,851.4,826.25,849.2,26254561.0,Tradyne
2024-11-06,849.2,861.4,846.2,854.8,15002433.0,Tradyne
2024-11-07,861.0,862.4,846.7,859.6,15283847.0,Tradyne
2024-11-08,859.6,863.5,834.2,843.15,26139105.0,Tradyne
2024-11-11,846.0,854.0,842.0,847.65,12621337.0,Tradyne
2024-11-12,852.5,853.4,824.3,826.7,11350729.0,Tradyne
2024-11-13,823.35,831.75,804.65,808.65,13756706.0,Tradyne
2024-11-14,808.65,818.0,801.05,804.25,9461484.0,Tradyne
2024-11-18,811.0,816.7,799.25,814.3,9322451.0,Tradyne
2024-11-19,819.0,820.3,800.1,803.0,13677029.0,Tradyne
2024-11-21,798.5,798.5,761.55,780.75,29486577.0,Tradyne
2024-11-22,786.0,819.95,784.05,816.05,20665405.0,Tradyne
2024-11-25,827.0,849.6,825.65,844.45,23434605.0,Tradyne
2024-11-26,844.0,846.7,835.55,839.4,8893744.0,Tradyne
2024-11-27,838.5,842.5,832.1,834.1,8375108.0,Tradyne
2024-11-28,834.1,845.8,830.5,838.85,13505677.0,Tradyne
2024-11-29,841.1,844.05,831.55,838.95,10822949.0,Tradyne
2024-12-02,838.95,842.0,832.7,836.4,6651119.0,Tradyne
2024-12-03,838.0,856.6,836.9,853.95,12186182.0,Tradyne
2024-12-04,853.95,864.0,850.3,859.7,10749716.0,Tradyne
2024-12-05,860.0,871.45,855.6,865.45,14716036.0,Tradyne
2024-12-06,865.25,875.45,857.0,863.65,14520568.0,Tradyne
2024-12-09,859.0,866.85,856.95,858.05,9630346.0,Tradyne
2024-12-10,861.8,868.95,858.05,867.5,7379849.0,Tradyne
2024-12-11,867.5,869.85,860.95,861.6,7006973.0,Tradyne
2024-12-12,861.5,864.3,851.15,853.7,8845103.0,Tradyne
2024-12-13,852.6,862.9,835.0,861.55,9379370.0,Tradyne
2024-12-16,859.8,866.4,857.8,860.95,6432713.0,Tradyne
2024-12-17,858.55,862.6,847.05,850.55,8791216.0,Tradyne
2024-12-17,850.5,850.5,850.5,850.55,1.0,Tradyne
2024-12-18,851.0,852.0,837.0,838.15,8295338.0,Tradyne
2024-12-18,840.75,840.75,840.75,838.15,21.0,Tradyne
2024-12-19,824.6,838.0,820.2,832.8,9453398.0,Tradyne
2024-12-20,834.9,836.0,810.0,812.0,10244198.0,Tradyne
2024-12-23,817.3,824.0,812.2,821.15,4933200.0,Tradyne
2024-12-24,824.25,826.2,809.2,812.05,10602771.0,Tradyne
2024-12-26,813.0,822.85,808.0,812.45,8318714.0,Tradyne
2024-12-27,816.3,818.3,797.2,799.65,10649800.0,Tradyne
2024-12-30,802.0,807.95,785.0,788.3,21515438.0,Tradyne
2024-12-31,786.95,799.2,786.0,794.95,9086044.0,Tradyne
2025-01-01,795.55,798.65,789.5,793.2,7273098.0,Tradyne
2025-01-02,795.0,802.4,787.0,801.2,11398319.0,Tradyne
2025-01-03,801.2,809.5,792.15,793.4,13336514.0,Tradyne
2025-01-06,797.4,797.6,773.15,776.4,11419367.0,Tradyne
2025-01-07,779.85,783.85,774.85,778.75,9669152.0,Tradyne
2025-01-08,780.9,783.95,760.1,771.15,15641490.0,Tradyne
2025-01-08,778.85,778.85,778.85,771.15,5.0,Tradyne
2025-01-09,771.15,771.35,726.25,760.45,15351029.0,Tradyne
2025-01-09,758.1,769.6,758.1,760.45,145.0,Tradyne
2025-01-10,760.35,763.4,742.05,743.25,11779296.0,Tradyne
2025-01-13,741.5,743.95,722.5,729.5,10414733.0,Tradyne
2025-01-14,732.95,757.0,732.95,748.15,11960975.0,Tradyne
2025-01-15,753.15,758.9,750.0,753.7,7792299.0,Tradyne
2025-01-16,760.4,776.7,760.4,766.3,11816079.0,Tradyne
2025-01-17,766.3,767.95,759.4,764.1,5766573.0,Tradyne
2025-01-20,769.0,785.0,767.85,779.25,9198929.0,Tradyne
2025-01-21,784.8,784.9,756.05,759.05,13751780.0,Tradyne
2025-01-22,762.0,763.0,738.0,753.45,9908339.0,Tradyne
2025-01-23,750.0,755.65,743.1,745.9,10986405.0,Tradyne
2025-01-24,749.9,753.7,739.0,744.15,10579213.0,Tradyne
2025-01-27,740.0,755.35,735.9,749.2,11433353.0,Tradyne
2025-01-28,757.0,759.75,745.4,752.4,14140860.0,Tradyne
2025-01-29,753.0,760.8,749.8,758.45,9251973.0,Tradyne
2025-01-30,758.55,765.0,754.75,762.6,11085824.0,Tradyne
2025-01-31,764.9,777.55,759.5,772.9,10083763.0,Tradyne
2025-02-01,774.8,778.75,752.15,766.0,9363077.0,Tradyne
2025-02-03,762.8,762.8,753.15,760.95,7862190.0,Tradyne
2025-02-04,767.0,781.25,765.65,779.2,12020807.0,Tradyne
2025-02-05,780.0,782.0,765.0,766.05,13419162.0,Tradyne
2025-02-06,769.0,770.85,750.05,752.25,32745391.0,Tradyne
2025-02-07,759.8,759.9,731.75,737.2,37240692.0,Tradyne
2025-02-10,740.0,743.9,733.4,736.8,12667049.0,Tradyne
2025-02-11,737.45,740.15,726.55,731.1,13017060.0,Tradyne
2025-02-12,733.15,738.7,717.15,733.15,12697743.0,Tradyne
2025-02-13,734.4,737.5,726.15,727.65,12370571.0,Tradyne
2025-02-14,730.95,732.9,716.2,722.15,10417539.0,Tradyne
2025-02-17,719.05,728.75,711.55,727.7,9093600.0,Tradyne
2025-02-18,727.7,728.25,717.35,725.8,8562003.0,Tradyne
2025-02-19,722.05,734.85,722.05,727.3,6766606.0,Tradyne
2025-02-20,724.9,731.5,723.35,729.7,7423268.0,Tradyne
2025-02-21,727.3,731.7,720.0,722.0,6571602.0,Tradyne
2025-02-24,710.5,719.75,710.5,716.4,6912148.0,Tradyne
2025-02-25,718.95,718.95,710.0,710.9,8599635.0,Tradyne
2025-02-27,716.0,717.7,701.1,703.9,12033139.0,Tradyne
2025-02-28,700.9,701.35,682.6,688.8,15780609.0,Tradyne
2025-03-03,690.15,697.4,680.0,695.3,10598479.0,Tradyne
2025-03-04,693.0,718.45,692.1,716.05,14386214.0,Tradyne
2025-03-05,717.55,731.3,717.0,730.35,10409805.0,Tradyne
2025-03-06,736.0,736.75,727.0,732.05,10928847.0,Tradyne
2025-03-07,732.05,734.85,728.0,732.75,7246729.0,Tradyne
2025-03-10,732.75,738.5,726.6,728.9,7400109.0,Tradyne
2025-03-11,724.9,734.05,722.7,729.85,5538789.0,Tradyne
2025-03-12,730.6,737.0,719.05,723.05,5547762.0,Tradyne
2025-03-13,725.9,731.45,724.5,727.85,5908337.0,Tradyne
2025-03-17,728.9,731.25,722.3,723.15,5149565.0,Tradyne
2025-03-18,726.6,738.45,722.6,736.7,8087710.0,Tradyne
2025-03-19,739.6,749.3,739.1,745.1,7604850.0,Tradyne
2025-03-20,748.0,752.7,744.2,749.55,6963197.0,Tradyne
2025-03-21,749.95,755.6,747.0,753.2,9577327.0,Tradyne
2025-03-24,758.0,782.95,755.1,780.8,12095064.0,Tradyne
2025-03-25,783.9,786.0,769.2,772.85,15190143.0,Tradyne
2025-03-26,772.0,776.05,761.45,764.0,7711852.0,Tradyne
2025-03-27,763.8,775.8,760.5,772.3,15648616.0,Tradyne
2025-03-28,772.1,778.6,767.0,771.5,7628185.0,Tradyne
2025-04-01,766.8,782.75,763.2,771.7,7011125.0,Tradyne
2025-04-02,772.3,777.0,764.3,775.95,5458436.0,Tradyne
2025-04-03,770.0,784.7,769.95,779.2,7956680.0,Tradyne
2025-04-04,779.1,782.9,765.0,767.45,8231194.0,Tradyne
2025-04-07,730.0,753.7,730.0,746.9,14923235.0,Tradyne
2025-04-08,760.0,774.0,758.15,768.6,12911288.0,Tradyne
2025-04-08,765.0,765.0,765.0,768.6,2.0,Tradyne
2025-04-09,767.0,767.95,741.0,742.2,11319387.0,Tradyne
2024-09-02,1920.0,1920.0,1880.1,1885.4,663594.0,OmnexaS
2024-09-03,1890.0,1910.0,1882.0,1901.95,593605.0,OmnexaS
2024-09-04,1897.95,1916.0,1878.5,1901.3,573554.0,OmnexaS
2024-09-05,1916.0,1916.0,1860.0,1879.45,544961.0,OmnexaS
2024-09-06,1877.1,1888.45,1860.2,1872.35,788707.0,OmnexaS
2024-09-09,1872.35,1900.0,1859.05,1892.4,422565.0,OmnexaS
2024-09-10,1894.1,1942.0,1894.1,1922.45,1335774.0,OmnexaS
2024-09-11,1925.0,1968.0,1924.95,1957.6,1175514.0,OmnexaS
2024-09-12,1975.9,2000.95,1970.3,1996.4,1824365.0,OmnexaS
2024-09-13,2001.0,2023.0,1974.0,1988.05,1147593.0,OmnexaS
2024-09-16,1987.75,2008.95,1984.5,1989.9,324013.0,OmnexaS
2024-09-17,1995.0,2009.95,1973.0,2006.55,596475.0,OmnexaS
2024-09-18,2008.75,2008.75,1977.1,1987.8,427477.0,OmnexaS
2024-09-19,1987.8,2002.0,1967.6,1998.6,757558.0,OmnexaS
2024-09-20,2000.0,2058.85,1990.0,2048.1,1360503.0,OmnexaS
2024-09-23,2057.0,2106.0,2051.0,2082.4,1311899.0,OmnexaS
2024-09-24,2087.0,2087.0,2054.05,2068.15,1097815.0,OmnexaS
2024-09-25,2062.0,2072.95,2034.7,2061.6,676261.0,OmnexaS
2024-09-26,2061.6,2061.6,1991.85,2022.05,1227890.0,OmnexaS
2024-09-27,2037.0,2037.0,2000.55,2031.3,1325848.0,OmnexaS
2024-09-30,2035.0,2060.0,2007.45,2012.9,749912.0,OmnexaS
2024-10-01,2020.0,2065.4,1970.55,1999.8,860908.0,OmnexaS
2024-10-03,1959.0,2009.95,1919.55,1972.9,1327472.0,OmnexaS
2024-10-04,1968.95,1983.55,1928.9,1934.45,1379482.0,OmnexaS
2024-10-07,1944.0,1950.0,1900.95,1914.6,731944.0,OmnexaS
2024-10-08,1914.0,1954.7,1910.0,1948.45,1086748.0,OmnexaS
2024-10-09,1934.1,1971.8,1920.3,1928.7,1281595.0,OmnexaS
2024-10-10,1941.0,1959.35,1930.3,1938.3,517804.0,OmnexaS
2024-10-11,1944.45,1947.0,1928.5,1938.5,329385.0,OmnexaS
2024-10-14,1939.15,1960.0,1933.35,1940.25,505739.0,OmnexaS
2024-10-15,1951.9,1951.9,1921.6,1934.7,484293.0,OmnexaS
2024-10-16,1934.05,1970.0,1914.95,1939.3,646184.0,OmnexaS
2024-10-17,1945.0,1946.05,1785.8,1805.55,3142978.0,OmnexaS
2024-10-18,1805.55,1865.0,1763.65,1849.7,2638593.0,OmnexaS
2024-10-21,1855.0,1865.0,1801.7,1812.7,920339.0,OmnexaS
2024-10-22,1812.7,1819.45,1761.5,1770.8,1400528.0,OmnexaS
2024-10-23,1775.0,1776.75,1746.5,1749.8,1457260.0,OmnexaS
2024-10-24,1758.8,1759.0,1705.05,1723.3,1229222.0,OmnexaS
2024-10-25,1723.5,1730.35,1677.1,1694.95,720139.0,OmnexaS
2024-10-28,1705.0,1709.65,1661.1,1668.4,694254.0,OmnexaS
2024-10-29,1677.9,1683.05,1646.3,1672.2,1036926.0,OmnexaS
2024-10-30,1674.0,1685.0,1650.2,1662.5,1154994.0,OmnexaS
2024-10-31,1662.5,1679.1,1632.6,1638.4,1787940.0,OmnexaS
2024-11-01,1655.0,1656.5,1642.7,1647.3,64766.0,OmnexaS
2024-11-04,1652.9,1652.9,1606.5,1628.3,854857.0,OmnexaS
2024-11-05,1625.0,1640.8,1590.0,1633.55,1191485.0,OmnexaS
2024-11-06,1648.0,1684.9,1635.15,1675.15,980220.0,OmnexaS
2024-11-07,1700.0,1700.05,1645.55,1666.05,944499.0,OmnexaS
2024-11-08,1662.0,1671.45,1645.2,1660.65,743428.0,OmnexaS
2024-11-11,1655.0,1665.55,1632.0,1641.75,511576.0,OmnexaS
2024-11-12,1643.95,1655.45,1599.35,1603.4,538309.0,OmnexaS
2024-11-13,1600.0,1622.0,1586.75,1614.1,723526.0,OmnexaS
2024-11-14,1615.0,1637.25,1597.55,1618.85,717761.0,OmnexaS
2024-11-18,1619.0,1634.3,1601.7,1619.05,458137.0,OmnexaS
2024-11-19,1622.95,1663.95,1618.4,1632.7,575229.0,OmnexaS
2024-11-21,1624.95,1639.45,1611.4,1636.1,739900.0,OmnexaS
2024-11-22,1636.5,1676.0,1631.55,1665.8,740554.0,OmnexaS
2024-11-25,1689.9,1728.0,1686.7,1708.15,2342379.0,OmnexaS
2024-11-26,1708.0,1726.95,1686.9,1711.2,941525.0,OmnexaS
2024-11-27,1712.3,1733.9,1692.9,1728.75,1127424.0,OmnexaS
2024-11-28,1737.0,1742.4,1707.9,1717.6,886719.0,OmnexaS
2024-11-29,1717.6,1727.95,1702.2,1718.0,640326.0,OmnexaS
2024-12-02,1726.9,1741.35,1709.05,1739.35,512799.0,OmnexaS
2024-12-03,1739.25,1760.7,1738.7,1757.2,891519.0,OmnexaS
2024-12-04,1763.9,1763.9,1719.35,1732.65,603018.0,OmnexaS
2024-12-05,1734.0,1750.1,1715.0,1746.7,961207.0,OmnexaS
2024-12-06,1750.55,1772.0,1735.7,1738.75,698889.0,OmnexaS
2024-12-09,1730.1,1737.95,1701.4,1704.7,805098.0,OmnexaS
2024-12-10,1704.8,1718.95,1699.95,1709.0,1160263.0,OmnexaS
2024-12-11,1713.95,1759.9,1705.95,1752.25,540835.0,OmnexaS
2024-12-12,1759.95,1764.55,1737.25,1757.95,713475.0,OmnexaS
2024-12-13,1764.8,1782.65,1740.4,1757.85,900553.0,OmnexaS
2024-12-16,1757.85,1775.0,1756.5,1768.8,620774.0,OmnexaS
2024-12-17,1768.0,1771.2,1720.0,1732.4,756251.0,OmnexaS
2024-12-18,1725.0,1734.8,1690.95,1697.05,704084.0,OmnexaS
2024-12-19,1684.0,1715.2,1675.15,1693.15,997730.0,OmnexaS
2024-12-20,1693.15,1712.9,1650.0,1657.4,735134.0,OmnexaS
2024-12-23,1668.05,1681.5,1653.4,1660.85,281353.0,OmnexaS
2024-12-24,1661.0,1691.0,1655.7,1674.15,409597.0,OmnexaS
2024-12-26,1673.05,1682.65,1656.7,1676.4,255748.0,OmnexaS
2024-12-27,1670.55,1689.65,1646.15,1649.9,548906.0,OmnexaS
2024-12-30,1646.25,1663.0,1633.4,1650.9,2215585.0,OmnexaS
2024-12-31,1649.0,1686.45,1647.0,1675.1,614282.0,OmnexaS
2025-01-01,1676.6,1686.0,1666.55,1680.1,353971.0,OmnexaS
2025-01-02,1683.9,1705.0,1669.55,1701.4,707455.0,OmnexaS
2025-01-03,1715.0,1721.2,1690.3,1700.0,482170.0,OmnexaS
2025-01-06,1701.0,1704.7,1639.15,1646.15,442325.0,OmnexaS
2025-01-07,1647.5,1665.9,1626.4,1636.05,527750.0,OmnexaS
2025-01-08,1635.55,1649.2,1613.55,1643.7,704620.0,OmnexaS
2025-01-09,1643.7,1648.5,1616.05,1630.2,1034497.0,OmnexaS
2025-01-10,1630.2,1643.7,1591.0,1600.25,936502.0,OmnexaS
2025-01-13,1580.2,1588.95,1521.25,1532.05,1242457.0,OmnexaS
2025-01-14,1535.0,1555.55,1507.6,1525.0,2260391.0,OmnexaS
2025-01-15,1529.0,1539.2,1506.7,1526.95,1668330.0,OmnexaS
2025-01-16,1534.85,1571.95,1525.15,1558.25,1557265.0,OmnexaS
2025-01-17,1539.95,1616.25,1534.0,1574.2,4102106.0,OmnexaS
2025-01-20,1600.0,1624.95,1576.0,1601.1,1349467.0,OmnexaS
2025-01-21,1609.0,1615.0,1571.0,1576.55,1195387.0,OmnexaS
2025-01-22,1574.95,1576.5,1535.55,1553.65,820772.0,OmnexaS
2025-01-23,1548.1,1605.0,1538.7,1595.3,872416.0,OmnexaS
2025-01-24,1595.3,1605.95,1517.55,1523.2,999025.0,OmnexaS
2025-01-27,1520.3,1523.2,1491.5,1505.8,912320.0,OmnexaS
2025-01-28,1507.2,1518.0,1481.45,1492.75,612261.0,OmnexaS
2025-01-29,1492.0,1531.65,1483.9,1528.2,569570.0,OmnexaS
2025-01-30,1535.0,1550.25,1521.95,1544.0,597904.0,OmnexaS
2025-01-31,1545.0,1569.4,1528.15,1566.2,632351.0,OmnexaS
2025-02-01,1574.4,1669.95,1540.9,1656.2,1523321.0,OmnexaS
2025-02-03,1645.0,1712.85,1635.15,1660.15,1872505.0,OmnexaS
2025-02-04,1673.0,1675.25,1619.45,1626.35,492523.0,OmnexaS
2025-02-05,1626.35,1645.0,1605.15,1607.9,606325.0,OmnexaS
2025-02-06,1608.8,1617.0,1596.15,1602.7,288020.0,OmnexaS
2025-02-07,1607.7,1625.0,1596.75,1614.1,422760.0,OmnexaS
2025-02-10,1617.0,1630.0,1585.9,1597.9,533472.0,OmnexaS
2025-02-11,1597.1,1599.9,1535.05,1548.55,566945.0,OmnexaS
2025-02-12,1550.55,1550.6,1509.35,1528.95,289847.0,OmnexaS
2025-02-13,1528.9,1550.0,1508.0,1522.55,598449.0,OmnexaS
2025-02-14,1522.0,1557.1,1490.0,1498.25,896376.0,OmnexaS
2025-02-17,1495.0,1535.35,1475.05,1532.55,473270.0,OmnexaS
2025-02-18,1527.3,1534.95,1493.9,1510.95,773114.0,OmnexaS
2025-02-19,1510.95,1521.0,1496.2,1515.65,904580.0,OmnexaS
2025-02-20,1508.05,1535.0,1488.25,1528.55,941417.0,OmnexaS
2025-02-21,1527.8,1545.0,1498.45,1520.3,393223.0,OmnexaS
2025-02-24,1509.95,1527.3,1492.3,1522.85,570593.0,OmnexaS
2025-02-25,1529.25,1552.65,1510.0,1547.9,550271.0,OmnexaS
2025-02-27,1472.0,1476.0,1402.2,1451.25,6037735.0,OmnexaS
2025-02-28,1438.0,1463.95,1403.1,1421.8,1845171.0,OmnexaS
2025-03-03,1438.0,1443.0,1381.3,1429.3,1035355.0,OmnexaS
2025-03-04,1405.0,1428.4,1394.15,1407.1,710232.0,OmnexaS
2025-03-05,1409.95,1457.95,1406.75,1443.2,768353.0,OmnexaS
2025-03-06,1457.0,1478.1,1446.0,1450.75,1036317.0,OmnexaS
2025-03-07,1450.75,1469.5,1441.05,1460.55,527443.0,OmnexaS
2025-03-10,1470.0,1498.15,1463.95,1469.1,1125377.0,OmnexaS
2025-03-11,1459.1,1477.0,1448.3,1470.05,494941.0,OmnexaS
2025-03-12,1476.0,1486.4,1452.1,1480.05,722230.0,OmnexaS
2025-03-13,1490.05,1493.45,1449.55,1458.65,964862.0,OmnexaS
2025-03-17,1450.0,1466.65,1435.0,1462.15,723248.0,OmnexaS
2025-03-18,1464.9,1525.0,1463.7,1518.1,878703.0,OmnexaS
2025-03-19,1519.9,1567.05,1513.55,1557.95,1120632.0,OmnexaS
2025-03-20,1520.0,1520.0,1471.05,1501.35,3969488.0,OmnexaS
2025-03-21,1501.35,1510.85,1476.0,1480.8,2203224.0,OmnexaS
2025-03-24,1490.0,1494.9,1474.5,1483.2,1347968.0,OmnexaS
2025-03-25,1485.9,1495.3,1470.3,1477.25,1302829.0,OmnexaS
2025-03-26,1472.5,1504.55,1470.5,1493.0,1027318.0,OmnexaS
2025-03-27,1484.75,1528.5,1479.5,1515.35,1077299.0,OmnexaS
2025-03-28,1520.9,1543.6,1513.55,1528.9,751781.0,OmnexaS
2025-04-01,1515.0,1517.8,1488.85,1501.3,723671.0,OmnexaS
2025-04-02,1504.75,1519.55,1484.15,1510.45,802612.0,OmnexaS
2025-04-03,1485.1,1528.0,1485.1,1518.7,452802.0,OmnexaS
2025-04-04,1505.0,1516.1,1456.05,1469.25,753027.0,OmnexaS
2025-04-07,1397.0,1461.5,1389.5,1456.1,857804.0,OmnexaS
2025-04-08,1456.1,1474.45,1447.5,1463.15,1232475.0,OmnexaS
2025-04-09,1466.0,1479.1,1451.0,1469.7,441153.0,OmnexaS
